{
  "decorations": [
    {
      "type": "vines",
      "chance": 0.5
    }
  ],
  "theme": {
    "pillar": {
      "type": "block",
      "block": "minecraft:basalt"
    },
    "solid": {
      "type": "random_block",
      "blocks": [
        {
          "block": "minecraft:gravel",
          "weight": 1
        },
        {
          "block": "minecraft:cobblestone",
          "weight": 2
        },
        {
          "block": "minecraft:cracked_stone_bricks",
          "weight": 2
        },
        {
          "block": "minecraft:mossy_stone_bricks",
          "weight": 4
        },
        {
          "block": "minecraft:mossy_cobblestone",
          "weight": 2
        }
      ]
    },
    "generic": {
      "type": "random_block",
      "blocks": [
        {
          "block": "minecraft:gravel",
          "weight": 1
        },
        {
          "block": "minecraft:cobblestone",
          "weight": 2
        },
        {
          "block": "minecraft:cracked_stone_bricks",
          "weight": 3
        },
        {
          "block": "minecraft:mossy_stone_bricks",
          "weight": 3
        },
        {
          "block": "minecraft:mossy_cobblestone",
          "weight": 2
        }
      ]
    },
    "fencing": {
      "type": "block",
      "block": "minecraft:iron_bars"
    },
    "floor": {
      "type": "random_block",
      "blocks": [
        {
          "block": "minecraft:gravel",
          "weight": 1
        },
        {
          "block": "minecraft:basalt",
          "weight": 1
        },
        {
          "block": "minecraft:polished_basalt",
          "weight": 1
        },
        {
          "block": "minecraft:mossy_cobblestone",
          "weight": 2
        },
        {
          "block": "minecraft:cobblestone",
          "weight": 2
        }
      ]
    },
    "fluid": {
      "type": "block",
      "block": "minecraft:air"
    },
    "solid_stairs": {
      "type": "random_block",
      "blocks": [
        {
          "block": "minecraft:cobblestone_stairs",
          "weight": 2
        },
        {
          "block": "minecraft:mossy_stone_brick_stairs",
          "weight": 2
        },
        {
          "block": "minecraft:mossy_stone_brick_stairs",
          "weight": 1
        }
      ]
    },
    "stairs": {
      "type": "random_block",
      "blocks": [
        {
          "block": "minecraft:cobblestone_stairs",
          "weight": 2
        },
        {
          "block": "minecraft:mossy_stone_brick_stairs",
          "weight": 2
        },
        {
          "block": "minecraft:mossy_stone_brick_stairs",
          "weight": 1
        }
      ]
    },
    "material": {
      "type": "random_block",
      "blocks": [
        {
          "block": "minecraft:gravel",
          "weight": 1
        },
        {
          "block": "minecraft:basalt",
          "weight": 1
        },
        {
          "block": "minecraft:cracked_stone_bricks",
          "weight": 3
        },
        {
          "block": "minecraft:mossy_stone_bricks",
          "weight": 4
        },
        {
          "block": "minecraft:mossy_cobblestone",
          "weight": 2
        },
        {
          "block": "minecraft:cobblestone",
          "weight": 2
        }
      ]
    },
    "wall": {
      "type": "block",
      "block": "minecraft:mossy_stone_brick_wall"
    },
    "slab": {
      "type": "random_block",
      "blocks": [
        {
          "block": "minecraft:cobblestone_slab",
          "weight": 2
        },
        {
          "block": "minecraft:mossy_stone_brick_slab",
          "weight": 2
        },
        {
          "block": "minecraft:mossy_stone_brick_slab",
          "weight": 1
        }
      ]
    },
    "solid_slab": {
      "type": "random_block",
      "blocks": [
        {
          "block": "minecraft:cobblestone_slab",
          "weight": 2
        },
        {
          "block": "minecraft:mossy_stone_brick_slab",
          "weight": 2
        },
        {
          "block": "minecraft:mossy_stone_brick_slab",
          "weight": 1
        }
      ]
    }
  }
}