{
  "settings": {
    "max_layers": 5
  },
  "entrances": {
    "inherit": ["entrances:default"],
    "models": [
      {"key": "dungeoncrawl:entrance/roguelike/house", "weight": 4}
    ]
  },
  "layers": [
    {
      "type": "default",
      "models": {
        "rooms": {
          "inherit": ["rooms:top"]
        },
        "full_nodes": {
          "inherit": ["nodes:full:top"],
          "models": [
            {"key": "dungeoncrawl:default/node/room_2", "weight": 1}
          ]
        },
        "fork_nodes": {
          "inherit": ["nodes:fork:top"],
          "models": [
            {"key": "dungeoncrawl:default/node/room_2", "weight": 1}
          ]
        },
        "straight_nodes": {
          "inherit": ["nodes:straight:top"],
          "models": [
            {"key": "dungeoncrawl:default/node/room_2", "weight": 1}
          ]
        },
        "turn_nodes": {
          "inherit": ["nodes:turn:top"],
          "models": [
            {"key": "dungeoncrawl:default/node/room_2", "weight": 1}
          ]
        },
        "dead_end_nodes": {
          "inherit": ["nodes:dead_end:top"],
          "models": [
            {"key": "dungeoncrawl:default/node/room_2", "weight": 1}
          ]
        },
        "corridors": {"inherit": ["corridors:top"]},
        "corridor_linkers": {"inherit": ["corridor_linkers:top"]},
        "node_connectors": {"inherit": ["node_connectors:top"]}
      },
      "settings": {
        "min_rooms": 3,
        "max_rooms": 5,
        "min_nodes": 4,
        "max_nodes": 6,
        "min_room_depth": 1,
        "max_room_depth": 5,
        "min_node_depth": 1,
        "max_node_depth": 5,
        "min_stairs_depth": 2,
        "max_depth": 7,
        "min_distance": 2,
        "max_distance": 4
      },
      "multipart": {
        "dungeoncrawl:default/corridor/corridor": {
          "action": "add",
          "additions": {
            "left": {
              "models": [
                {
                  "offset": {"x": 3},
                  "model": "dungeoncrawl:default/multipart/corridor/crops",
                  "weight": 6
                },
                {
                  "offset": {"x": 2, "z": -4},
                  "model": "dungeoncrawl:default/multipart/corridor/empty_room_3"
                },
                {
                  "offset": {"x": 2, "z": -4},
                  "model": "dungeoncrawl:default/multipart/corridor/empty_room_4"
                },
                {
                  "offset": {"x": 2, "z": -4},
                  "model": "dungeoncrawl:default/multipart/corridor/chest_room_2",
                  "weight": 4
                }
              ]
            },
            "right": {
              "models": [
                {
                  "offset": {"x": 3, "z": 5},
                  "rotation": "clockwise_180",
                  "model": "dungeoncrawl:default/multipart/corridor/crops",
                  "weight": 6
                },
                {
                  "offset": {"x": 2, "z": 5},
                  "rotation": "clockwise_180",
                  "model": "dungeoncrawl:default/multipart/corridor/empty_room_3"
                },
                {
                  "offset": {"x": 2, "z": 5},
                  "rotation": "clockwise_180",
                  "model": "dungeoncrawl:default/multipart/corridor/empty_room_4"
                },
                {
                  "offset": {"x": 2, "z": 5},
                  "rotation": "clockwise_180",
                  "model": "dungeoncrawl:default/multipart/corridor/chest_room_2",
                  "weight": 4
                }
              ]
            }
          }
        },
        "dungeoncrawl:default/corridor/corridor_3": {
          "action": "add",
          "additions": {
            "left_1": {
              "models": [
                {
                  "offset": {"x": 1, "z": -1},
                  "model": "dungeoncrawl:default/multipart/corridor/crops",
                  "weight": 6
                },
                {
                  "offset": {"z": -5},
                  "model": "dungeoncrawl:default/multipart/corridor/empty_room_3"
                },
                {
                  "offset": {"z": -5},
                  "model": "dungeoncrawl:default/multipart/corridor/empty_room_4"
                },
                {
                  "offset": {"z": -5},
                  "model": "dungeoncrawl:default/multipart/corridor/chest_room_2",
                  "weight": 4
                }
              ]
            },
            "left_2": {
              "models": [
                {
                  "offset": {"x": 5, "z": -1},
                  "model": "dungeoncrawl:default/multipart/corridor/crops",
                  "weight": 6
                },
                {
                  "offset": {"x": 4, "z": -5},
                  "model": "dungeoncrawl:default/multipart/corridor/empty_room_3"
                },
                {
                  "offset": {"x": 4, "z": -5},
                  "model": "dungeoncrawl:default/multipart/corridor/empty_room_4"
                },
                {
                  "offset": {"x": 4, "z": -5},
                  "model": "dungeoncrawl:default/multipart/corridor/chest_room_2",
                  "weight": 4
                }
              ]
            },
            "right_1": {
              "models": [
                {
                  "offset": {"x": 1, "z": 4},
                  "rotation": "clockwise_180",
                  "model": "dungeoncrawl:default/multipart/corridor/crops",
                  "weight": 6
                },
                {
                  "offset": {"z": 4},
                  "rotation": "clockwise_180",
                  "model": "dungeoncrawl:default/multipart/corridor/empty_room_3"
                },
                {
                  "offset": {"z": 4},
                  "rotation": "clockwise_180",
                  "model": "dungeoncrawl:default/multipart/corridor/empty_room_4"
                },
                {
                  "offset": {"z": 4},
                  "rotation": "clockwise_180",
                  "model": "dungeoncrawl:default/multipart/corridor/chest_room_2",
                  "weight": 4
                }
              ]
            },
            "right_2": {
              "models": [
                {
                  "offset": {"x": 5, "z": 4},
                  "rotation": "clockwise_180",
                  "model": "dungeoncrawl:default/multipart/corridor/crops",
                  "weight": 6
                },
                {
                  "offset": {"x": 4, "z": 4},
                  "rotation": "clockwise_180",
                  "model": "dungeoncrawl:default/multipart/corridor/empty_room_3"
                },
                {
                  "offset": {"x": 4, "z": 4},
                  "rotation": "clockwise_180",
                  "model": "dungeoncrawl:default/multipart/corridor/empty_room_4"
                },
                {
                  "offset": {"x": 4, "z": 4},
                  "rotation": "clockwise_180",
                  "model": "dungeoncrawl:default/multipart/corridor/chest_room_2",
                  "weight": 4
                }
              ]
            }
          }
        },
        "dungeoncrawl:default/corridor/corridor_light": {
          "action": "add",
          "additions": {
            "right": {
              "models": [
                {
                  "offset": {"x": 3, "z": 5},
                  "rotation": "clockwise_180",
                  "model": "dungeoncrawl:default/multipart/corridor/crops",
                  "weight": 6
                },
                {
                  "offset": {
                    "x": 2,
                    "z": 5
                  },
                  "rotation": "clockwise_180",
                  "model": "dungeoncrawl:default/multipart/corridor/empty_room_3"
                },
                {
                  "offset": {
                    "x": 2,
                    "z": 5
                  },
                  "rotation": "clockwise_180",
                  "model": "dungeoncrawl:default/multipart/corridor/empty_room_4"
                },
                {
                  "offset": {
                    "x": 2,
                    "z": 5
                  },
                  "rotation": "clockwise_180",
                  "model": "dungeoncrawl:default/multipart/corridor/chest_room_2",
                  "weight": 4
                }
              ]
            }
          }
        }
      }
    },
    {
      "type": "default",
      "models": {
        "rooms": {"inherit": ["rooms:lower_top"]},
        "full_nodes": {
          "inherit": ["nodes:full:lower_top"],
          "models": [{"key": "dungeoncrawl:default/node/room_2", "weight": 1}]
        },
        "fork_nodes": {
          "inherit": ["nodes:fork:lower_top"],
          "models": [{"key": "dungeoncrawl:default/node/room_2", "weight": 1}]
        },
        "straight_nodes": {
          "inherit": ["nodes:straight:lower_top"],
          "models": [
            {"key": "dungeoncrawl:default/node/room_2", "weight": 1}
          ]
        },
        "turn_nodes": {
          "inherit": ["nodes:turn:lower_top"],
          "models": [
            {"key": "dungeoncrawl:default/node/room_2", "weight": 1}
          ]
        },
        "dead_end_nodes": {
          "inherit": ["nodes:dead_end:lower_top"],
          "models": [
            {"key": "dungeoncrawl:default/node/room_2", "weight": 1}
          ]
        },
        "corridors": {"inherit": ["corridors:lower_top"]},
        "corridor_linkers": {"inherit": ["corridor_linkers:lower_top"]},
        "node_connectors": {"inherit": ["node_connectors:lower_top"]}
      },
      "settings": {
        "min_rooms": 4,
        "max_rooms": 6,
        "min_nodes": 5,
        "max_nodes": 7,
        "min_room_depth": 1,
        "max_room_depth": 6,
        "min_node_depth": 1,
        "max_node_depth": 6,
        "min_stairs_depth": 2,
        "max_depth": 7,
        "min_distance": 2,
        "max_distance": 4
      },
      "multipart": {
        "dungeoncrawl:default/corridor/corridor": {
          "action": "add",
          "additions": {
            "left": {
              "models": [
                {
                  "offset": {"x": 3, "z": -2},
                  "model": "dungeoncrawl:default/multipart/corridor/fire",
                  "weight": 10
                },
                {
                  "offset": {"x": 3},
                  "model": "dungeoncrawl:default/multipart/corridor/crops",
                  "weight": 6
                },
                {
                  "offset": {"x": 2, "z": -4},
                  "model": "dungeoncrawl:default/multipart/corridor/empty_room_3"
                },
                {
                  "offset": {"x": 2, "z": -4},
                  "model": "dungeoncrawl:default/multipart/corridor/empty_room_4"
                },
                {
                  "offset": {"x": 2, "z": -4},
                  "model": "dungeoncrawl:default/multipart/corridor/chest_room",
                  "weight": 4
                }
              ]
            },
            "right": {
              "models": [
                {
                  "offset": {"x": 3, "z": 5},
                  "rotation": "clockwise_180",
                  "model": "dungeoncrawl:default/multipart/corridor/fire",
                  "weight": 10
                },
                {
                  "offset": {"x": 3, "z": 5},
                  "rotation": "clockwise_180",
                  "model": "dungeoncrawl:default/multipart/corridor/crops",
                  "weight": 6
                },
                {
                  "offset": {"x": 2, "z": 5},
                  "rotation": "clockwise_180",
                  "model": "dungeoncrawl:default/multipart/corridor/empty_room_3"
                },
                {
                  "offset": {"x": 2, "z": 5},
                  "rotation": "clockwise_180",
                  "model": "dungeoncrawl:default/multipart/corridor/empty_room_4"
                },
                {
                  "offset": {"x": 2, "z": 5},
                  "rotation": "clockwise_180",
                  "model": "dungeoncrawl:default/multipart/corridor/chest_room",
                  "weight": 4
                }
              ]
            }
          }
        },
        "dungeoncrawl:default/corridor/corridor_3": {
          "action": "add",
          "additions": {
            "left_1": {
              "models": [
                {
                  "offset": {"x": 1, "z": -3},
                  "model": "dungeoncrawl:default/multipart/corridor/fire",
                  "weight": 10
                },
                {
                  "offset": {"x": 1, "z": -1},
                  "model": "dungeoncrawl:default/multipart/corridor/crops",
                  "weight": 6
                },
                {
                  "offset": {"z": -5},
                  "model": "dungeoncrawl:default/multipart/corridor/empty_room_3"
                },
                {
                  "offset": {"z": -5},
                  "model": "dungeoncrawl:default/multipart/corridor/empty_room_4"
                },
                {
                  "offset": {"z": -5},
                  "model": "dungeoncrawl:default/multipart/corridor/chest_room",
                  "weight": 4
                }
              ]
            },
            "left_2": {
              "models": [
                {
                  "offset": {"x": 5, "z": -3},
                  "model": "dungeoncrawl:default/multipart/corridor/fire",
                  "weight": 10
                },
                {
                  "offset": {"x": 5, "z": -1},
                  "model": "dungeoncrawl:default/multipart/corridor/crops",
                  "weight": 6
                },
                {
                  "offset": {"x": 4, "z": -5},
                  "model": "dungeoncrawl:default/multipart/corridor/empty_room_3"
                },
                {
                  "offset": {"x": 4, "z": -5},
                  "model": "dungeoncrawl:default/multipart/corridor/empty_room_4"
                },
                {
                  "offset": {"x": 4, "z": -5},
                  "model": "dungeoncrawl:default/multipart/corridor/chest_room",
                  "weight": 4
                }
              ]
            },
            "right_1": {
              "models": [
                {
                  "offset": {"x": 1, "z": 4},
                  "rotation": "clockwise_180",
                  "model": "dungeoncrawl:default/multipart/corridor/fire",
                  "weight": 10
                },
                {
                  "offset": {"x": 1, "z": 4},
                  "rotation": "clockwise_180",
                  "model": "dungeoncrawl:default/multipart/corridor/crops",
                  "weight": 6
                },
                {
                  "offset": {"z": 4},
                  "rotation": "clockwise_180",
                  "model": "dungeoncrawl:default/multipart/corridor/empty_room_3"
                },
                {
                  "offset": {"z": 4},
                  "rotation": "clockwise_180",
                  "model": "dungeoncrawl:default/multipart/corridor/empty_room_4"
                },
                {
                  "offset": {"z": 4},
                  "rotation": "clockwise_180",
                  "model": "dungeoncrawl:default/multipart/corridor/chest_room",
                  "weight": 4
                }
              ]
            },
            "right_2": {
              "models": [
                {
                  "offset": {"x": 5, "z": 4},
                  "rotation": "clockwise_180",
                  "model": "dungeoncrawl:default/multipart/corridor/fire",
                  "weight": 10
                },
                {
                  "offset": {"x": 5, "z": 4},
                  "rotation": "clockwise_180",
                  "model": "dungeoncrawl:default/multipart/corridor/crops",
                  "weight": 6
                },
                {
                  "offset": {"x": 4, "z": 4},
                  "rotation": "clockwise_180",
                  "model": "dungeoncrawl:default/multipart/corridor/empty_room_3"
                },
                {
                  "offset": {"x": 4, "z": 4},
                  "rotation": "clockwise_180",
                  "model": "dungeoncrawl:default/multipart/corridor/empty_room_4"
                },
                {
                  "offset": {"x": 4, "z": 4},
                  "rotation": "clockwise_180",
                  "model": "dungeoncrawl:default/multipart/corridor/chest_room",
                  "weight": 4
                }
              ]
            }
          }
        },
        "dungeoncrawl:default/corridor/corridor_light": {
          "action": "add",
          "additions": {
            "right": {
              "models": [
                {
                  "offset": {"x": 3, "z": 5},
                  "rotation": "clockwise_180",
                  "model": "dungeoncrawl:default/multipart/corridor/crops",
                  "weight": 6
                },
                {
                  "offset": {
                    "x": 2,
                    "z": 5
                  },
                  "rotation": "clockwise_180",
                  "model": "dungeoncrawl:default/multipart/corridor/empty_room_3"
                },
                {
                  "offset": {
                    "x": 2,
                    "z": 5
                  },
                  "rotation": "clockwise_180",
                  "model": "dungeoncrawl:default/multipart/corridor/empty_room_4"
                },
                {
                  "offset": {
                    "x": 2,
                    "z": 5
                  },
                  "rotation": "clockwise_180",
                  "model": "dungeoncrawl:default/multipart/corridor/chest_room",
                  "weight": 4
                }
              ]
            }
          }
        }
      }
    },
    {
      "type": "default",
      "models": {
        "rooms":            {"inherit": ["rooms:catacombs"]},
        "full_nodes":       {"inherit": ["nodes:full:catacombs"]},
        "fork_nodes":       {"inherit": ["nodes:fork:catacombs"]},
        "straight_nodes":   {"inherit": ["nodes:straight:catacombs"]},
        "turn_nodes":       {"inherit": ["nodes:turn:catacombs"]},
        "dead_end_nodes":   {"inherit": ["nodes:dead_end:catacombs"]},
        "corridors":        {"inherit": ["corridors:catacombs"]},
        "corridor_linkers": {"inherit": ["corridor_linkers:catacombs"]},
        "node_connectors":  {"inherit": ["node_connectors:catacombs"]}
      },
      "settings": {
        "min_rooms": 4,
        "max_rooms": 6,
        "min_nodes": 8,
        "max_nodes": 12,
        "min_room_depth": 1,
        "max_room_depth": 8,
        "min_node_depth": 1,
        "max_node_depth": 8,
        "min_stairs_depth": 2,
        "max_depth": 8,
        "min_distance": 1,
        "max_distance": 3
      },
      "multipart": {
        "dungeoncrawl:default/corridor/corridor": {
          "action": "add",
          "additions": {
            "left": {
              "models": [
                {
                  "offset": {"x": 2, "z": -4},
                  "model": "dungeoncrawl:default/multipart/corridor/spawner_room",
                  "weight": 12
                }
              ]
            },
            "right": {
              "models": [
                {
                  "offset": {"x": 2, "z": 5},
                  "rotation": "clockwise_180",
                  "model": "dungeoncrawl:default/multipart/corridor/spawner_room",
                  "weight": 12
                }
              ]
            }
          }
        },
        "dungeoncrawl:default/corridor/corridor_light": {
          "action": "add",
          "additions": {
            "right": {
              "models": [
                {
                  "offset": {"x": 2, "z": 5},
                  "rotation": "clockwise_180",
                  "model": "dungeoncrawl:default/multipart/corridor/spawner_room",
                  "weight": 12
                }
              ]
            }
          }
        }
      }
    },
    {
      "type": "default",
      "models": {
        "rooms":            {"inherit": ["rooms:lower_catacombs"]},
        "full_nodes":       {"inherit": ["nodes:full:lower_catacombs"]},
        "fork_nodes":       {"inherit": ["nodes:fork:lower_catacombs"]},
        "straight_nodes":   {"inherit": ["nodes:straight:lower_catacombs"]},
        "turn_nodes":       {"inherit": ["nodes:turn:lower_catacombs"]},
        "dead_end_nodes":   {"inherit": ["nodes:dead_end:lower_catacombs"]},
        "corridors":        {"inherit": ["corridors:lower_catacombs"]},
        "corridor_linkers": {"inherit": ["corridor_linkers:lower_catacombs"]},
        "node_connectors":  {"inherit": ["node_connectors:lower_catacombs"]}
      },
      "settings": {
        "min_rooms": 4,
        "max_rooms": 6,
        "min_nodes": 8,
        "max_nodes": 12,
        "min_room_depth": 1,
        "max_room_depth": 8,
        "min_node_depth": 1,
        "max_node_depth": 8,
        "min_stairs_depth": 2,
        "max_depth": 8,
        "min_distance": 1,
        "max_distance": 3
      },
      "multipart": {
        "dungeoncrawl:default/corridor/corridor": {
          "action": "add",
          "additions": {
            "left": {
              "models": [
                {
                  "offset": {"x": 2, "z": -4},
                  "model": "dungeoncrawl:default/multipart/corridor/spawner_room",
                  "weight": 12
                }
              ]
            },
            "right": {
              "models": [
                {
                  "offset": {"x": 2, "z": 5},
                  "rotation": "clockwise_180",
                  "model": "dungeoncrawl:default/multipart/corridor/spawner_room",
                  "weight": 12
                }
              ]
            }
          }
        },
        "dungeoncrawl:default/corridor/corridor_light": {
          "action": "add",
          "additions": {
            "right": {
              "models": [
                {
                  "offset": {"x": 2, "z": 5},
                  "rotation": "clockwise_180",
                  "model": "dungeoncrawl:default/multipart/corridor/spawner_room",
                  "weight": 12
                }
              ]
            }
          }
        }
      }
    },
    {
      "type": "default",
      "models": {
        "rooms":            {"inherit": ["rooms:hell"]},
        "full_nodes":       {"inherit": ["nodes:full:hell"]},
        "fork_nodes":       {"inherit": ["nodes:fork:hell"]},
        "straight_nodes":   {"inherit": ["nodes:straight:hell"]},
        "turn_nodes":       {"inherit": ["nodes:turn:hell"]},
        "dead_end_nodes":   {"inherit": ["nodes:dead_end:hell"]},
        "corridors":        {"inherit": ["corridors:hell"]},
        "corridor_linkers": {"inherit": ["corridor_linkers:hell"]},
        "node_connectors":  {"inherit": ["node_connectors:hell"]}
      },
      "settings": {
        "min_rooms": 4,
        "max_rooms": 6,
        "min_nodes": 8,
        "max_nodes": 12,
        "min_room_depth": 1,
        "max_room_depth": 8,
        "min_node_depth": 1,
        "max_node_depth": 8,
        "min_stairs_depth": 2,
        "max_depth": 8,
        "min_distance": 2,
        "max_distance": 3
      }
    }
  ]
}