{
  "chance": 0.25,
  "rolls": {
    "min": 1,
    "max": 3
  },
  "guaranteed": [
    {
      "effect": "minecraft:fire_resistance",
      "duration": 6000
    }
  ],
  "effects": [
    {
      "effect": "minecraft:strength",
      "duration": 6000,
      "amplifier": {
        "min": 1,
        "max": 2
      },
      "weight": 2
    },
    {
      "effect": "minecraft:speed",
      "duration": 6000,
      "amplifier": {
        "min": 2,
        "max": 2
      }
    },
    {
      "effect": "minecraft:absorption",
      "duration": 6000,
      "amplifier": {
        "min": 2,
        "max": 4
      },
      "weight": 2
    }
  ]
}