{
  "id": 2,
  "decorations": [
    {
      "type": "vines"
    }
  ],
  "theme": {
    "generic": {
      "type": "random_block",
      "blocks": [
        {
          "block": "minecraft:cobblestone",
          "weight": 3
        },
        {
          "block": "minecraft:stone_bricks",
          "weight": 2
        },
        {
          "block": "minecraft:cracked_stone_bricks"
        },
        {
          "block": "mossy_stone_bricks"
        }
      ]
    },
    "solid": {
      "type": "random_block",
      "blocks": [
        {
          "block": "minecraft:stone_bricks",
          "weight": 4
        },
        {
          "block": "minecraft:cracked_stone_bricks",
          "weight": 2
        },
        {
          "block": "mossy_stone_bricks"
        }
      ]
    },
    "pillar": {
      "type": "random_block",
      "blocks": [
        {
          "block": "minecraft:stone_bricks",
          "weight": 4
        },
        {
          "block": "minecraft:cracked_stone_bricks",
          "weight": 2
        },
        {
          "block": "mossy_stone_bricks"
        }
      ]
    },
    "floor": {
      "type": "random_block",
      "blocks": [
        {
          "block": "minecraft:stone_bricks",
          "weight": 3
        },
        {
          "block": "minecraft:cracked_stone_bricks",
          "weight": 2
        },
        {
          "block": "mossy_stone_bricks"
        }
      ]
    },
    "stairs": {
      "type": "random_block",
      "blocks": [
        {
          "block": "minecraft:cobblestone_stairs",
          "weight": 4
        },
        {
          "block": "minecraft:stone_brick_stairs",
          "weight": 4
        }
      ]
    },
    "solid_stairs": {
      "type": "random_block",
      "blocks": [
        {
          "block": "minecraft:stone_brick_stairs",
          "weight": 3
        },
        {
          "block": "minecraft:cobblestone_stairs"
        }
      ]
    },
    "material": {
      "type": "random_block",
      "blocks": [
        {
          "block": "minecraft:cobblestone",
          "weight": 3
        },
        {
          "block": "minecraft:stone_bricks",
          "weight": 3
        },
        {
          "block": "minecraft:gravel",
          "weight": 2
        },
        {
          "block": "mossy_stone_bricks"
        }
      ]
    },
    "slab": {
      "type": "random_block",
      "blocks": [
        {
          "block": "minecraft:cobblestone_slab",
          "weight": 2
        },
        {
          "block": "minecraft:stone_brick_slab"
        }
      ]
    },
    "solid_slab": {
      "type": "random_block",
      "blocks": [
        {
          "block": "minecraft:cobblestone_slab"
        },
        {
          "block": "minecraft:stone_brick_slab"
        }
      ]
    },
    "wall": {
      "type": "random_block",
      "blocks": [
        {
          "block": "minecraft:cobblestone_wall"
        },
        {
          "block": "minecraft:stone_brick_wall"
        }
      ]
    },
    "fencing": {
      "type": "block",
      "block": "minecraft:iron_bars"
    },
    "fluid": {
      "type": "block",
      "block": "minecraft:water"
    }
  }
}