{
  "id": 10,
  "theme": {
    "pillar": {
      "type": "random_block",
      "blocks": [
        {
          "block": "minecraft:smooth_red_sandstone"
        },
        {
          "block": "minecraft:chiseled_red_sandstone"
        }
      ]
    },
    "trapdoor": {
      "type": "block",
      "block": "minecraft:cave_air"
    },
    "door": {
      "type": "block",
      "block": "minecraft:cave_air"
    },
    "material": {
      "type": "random_block",
      "blocks": [
        {
          "block": "minecraft:red_sandstone"
        },
        {
          "block": "minecraft:chiseled_red_sandstone"
        },
        {
          "block": "minecraft:cut_red_sandstone"
        }
      ]
    },
    "stairs": {
      "type": "random_block",
      "blocks": [
        {
          "block": "minecraft:red_sandstone_stairs"
        },
        {
          "block": "minecraft:smooth_red_sandstone_stairs"
        }
      ]
    },
    "slab": {
      "type": "random_block",
      "blocks": [
        {
          "block": "minecraft:red_sandstone_slab"
        },
        {
          "block": "minecraft:cut_red_sandstone_slab"
        }
      ]
    },
    "fence": {
      "type": "block",
      "block": "minecraft:cave_air"
    },
    "fence_gate": {
      "type": "block",
      "block": "minecraft:cave_air"
    },
    "button": {
      "type": "block",
      "block": "minecraft:oak_button"
    },
    "pressure_plate": {
      "type": "block",
      "block": "minecraft:oak_pressure_plate"
    }
  }
}