{
  "theme": {
    "generic": {
      "type": "random_block",
      "blocks": [
        {
          "block": "minecraft:mossy_stone_bricks"
        },
        {
          "block": "minecraft:cracked_stone_bricks",
          "weight": 2
        },
        {
          "block": "minecraft:stone_bricks",
          "weight": 4
        }
      ]
    },
    "solid": {
      "type": "random_block",
      "blocks": [
        {
          "block": "minecraft:mossy_stone_bricks"
        },
        {
          "block": "minecraft:cracked_stone_bricks"
        },
        {
          "block": "minecraft:chiseled_stone_bricks"
        },
        {
          "block": "minecraft:stone_bricks",
          "weight": 4
        }
      ]
    },
    "pillar": {
      "type": "block",
      "block": "minecraft:smooth_stone"
    },
    "floor": {
      "type": "pattern",
      "pattern_type": "checkerboard",
      "block_1": {
        "type": "block",
        "block": "minecraft:light_blue_terracotta"
      },
      "block_2": {
        "type": "block",
        "block": "minecraft:white_terracotta"
      }
    },
    "stairs": {
      "type": "random_block",
      "blocks": [
        {
          "block": "minecraft:mossy_stone_brick_stairs"
        },
        {
          "block": "minecraft:stone_brick_stairs",
          "weight": 3
        }
      ]
    },
    "solid_stairs": {
      "type": "random_block",
      "blocks": [
        {
          "block": "minecraft:mossy_stone_brick_stairs"
        },
        {
          "block": "minecraft:stone_brick_stairs",
          "weight": 3
        }
      ]
    },
    "material": {
      "type": "random_block",
      "blocks": [
        {
          "block": "minecraft:mossy_stone_bricks"
        },
        {
          "block": "minecraft:cracked_stone_bricks",
          "weight": 2
        },
        {
          "block": "minecraft:stone_bricks",
          "weight": 4
        }
      ]
    },
    "slab": {
      "type": "random_block",
      "blocks": [
        {
          "block": "minecraft:mossy_stone_brick_slab"
        },
        {
          "block": "minecraft:stone_brick_slab",
          "weight": 3
        }
      ]
    },
    "solid_slab": {
      "type": "random_block",
      "blocks": [
        {
          "block": "minecraft:mossy_stone_brick_slab"
        },
        {
          "block": "minecraft:stone_brick_slab",
          "weight": 3
        }
      ]
    },
    "wall": {
      "type": "random_block",
      "blocks": [
        {
          "block": "minecraft:mossy_stone_brick_wall",
          "weight": 2
        },
        {
          "block": "minecraft:stone_brick_wall",
          "weight": 3
        }
      ]
    },
    "fencing": {
      "type": "block",
      "block": "minecraft:iron_bars"
    },
    "fluid": {
      "type": "block",
      "block": "minecraft:water"
    }
  }
}