[
  {
    "item": "minecraft:leather_boots",
    "weight": 1
  },
  {
    "item": "minecraft:leather_leggings",
    "weight": 1
  },
  {
    "item": "minecraft:leather_chestplate",
    "weight": 1
  },
  {
    "item": "minecraft:leather_helmet",
    "weight": 1
  },
  {
    "item": "minecraft:chainmail_boots",
    "weight": 1
  },
  {
    "item": "minecraft:chainmail_leggings",
    "weight": 1
  },
  {
    "item": "minecraft:chainmail_chestplate",
    "weight": 1
  },
  {
    "item": "minecraft:chainmail_helmet",
    "weight": 1
  },
  {
    "item": "minecraft:wooden_pickaxe",
    "weight": 2
  },
  {
    "item": "minecraft:wooden_axe",
    "weight": 1
  },
  {
    "item": "minecraft:wooden_hoe",
    "weight": 1
  },
  {
    "item": "minecraft:stone_pickaxe",
    "weight": 2
  },
  {
    "item": "minecraft:iron_shovel",
    "weight": 2
  },
  {
    "item": "minecraft:stone_hoe",
    "weight": 1
  },
  {
    "item": "minecraft:stone_axe",
    "weight": 2
  }
]
