[
  {
    "item": "minecraft:chainmail_boots",
    "weight": 2
  },
  {
    "item": "minecraft:chainmail_leggings",
    "weight": 2
  },
  {
    "item": "minecraft:chainmail_chestplate",
    "weight": 2
  },
  {
    "item": "minecraft:chainmail_helmet",
    "weight": 2
  },
  {
    "item": "minecraft:golden_boots",
    "weight": 2
  },
  {
    "item": "minecraft:golden_leggings",
    "weight": 2
  },
  {
    "item": "minecraft:golden_chestplate",
    "weight": 2
  },
  {
    "item": "minecraft:golden_helmet",
    "weight": 2
  },
  {
    "item": "minecraft:diamond_boots",
    "weight": 2
  },
  {
    "item": "minecraft:diamond_leggings",
    "weight": 1
  },
  {
    "item": "minecraft:diamond_chestplate",
    "weight": 1
  },
  {
    "item": "minecraft:diamond_helmet",
    "weight": 2
  },
  {
    "item": "minecraft:iron_boots",
    "weight": 4
  },
  {
    "item": "minecraft:iron_leggings",
    "weight": 4
  },
  {
    "item": "minecraft:iron_chestplate",
    "weight": 4
  },
  {
    "item": "minecraft:iron_helmet",
    "weight": 4
  },
  {
    "item": "minecraft:iron_pickaxe",
    "weight": 4
  },
  {
    "item": "minecraft:iron_shovel",
    "weight": 4
  },
  {
    "item": "minecraft:iron_sword",
    "weight": 4
  },
  {
    "item": "minecraft:golden_pickaxe",
    "weight": 1
  },
  {
    "item": "minecraft:golden_shovel",
    "weight": 1
  },
  {
    "item": "minecraft:diamond_pickaxe",
    "weight": 1
  },
  {
    "item": "minecraft:diamond_sword",
    "weight": 2
  },
  {
    "item": "diamond_shovel",
    "weight": 2
  }
]