{
  "id": 40,
  "multipart": {
    "ceiling": {
      "models": [
        {
          "offset": {
            "x": 6,
            "y": 5,
            "z": 6
          },
          "model": "dungeoncrawl:catacombs/multipart/node/ceiling/flat"
        },
        {
          "offset": {
            "x": 6,
            "y": 5,
            "z": 6
          },
          "model": "dungeoncrawl:catacombs/multipart/node/ceiling/dome",
          "weight": 2
        }
      ]
    },
    "spawner_cell_left": {
      "models": [
        {
          "offset": {
            "x": 1
          },
          "model": "dungeoncrawl:catacombs/multipart/large_spawner_cell_open",
          "rotation": "counterclockwise_90",
          "weight": 4
        },
        {
          "offset": {
            "x": 2,
            "z": 4
          },
          "model": "dungeoncrawl:default/multipart/wall",
          "rotation": "counterclockwise_90"
        }
      ]
    },
    "spawner_cell_right": {
      "models": [
        {
          "offset": {
            "x": 1,
            "z": 12
          },
          "model": "dungeoncrawl:catacombs/multipart/large_spawner_cell_open",
          "rotation": "clockwise_90",
          "weight": 4
        },
        {
          "offset": {
            "x": 2,
            "z": 12
          },
          "model": "dungeoncrawl:default/multipart/wall",
          "rotation": "clockwise_90"
        }
      ]
    },
    "graves_left": {
      "models": [
        {
          "offset": {
            "x": 5,
            "z": 1
          },
          "model": "dungeoncrawl:catacombs/multipart/crypt_graves",
          "rotation": "counterclockwise_90",
          "weight": 4
        },
        {
          "offset": {
            "x": 6,
            "z": 4
          },
          "model": "dungeoncrawl:default/multipart/large_wall",
          "rotation": "counterclockwise_90"
        }
      ]
    },
    "graves_middle": {
      "models": [
        {
          "offset": {
            "x": 12,
            "z": 5
          },
          "model": "dungeoncrawl:catacombs/multipart/crypt_graves",
          "weight": 4
        },
        {
          "offset": {
            "x": 12,
            "z": 6
          },
          "model": "dungeoncrawl:default/multipart/large_wall"
        }
      ]
    },
    "graves_right": {
      "models": [
        {
          "offset": {
            "x": 5,
            "z": 12
          },
          "model": "dungeoncrawl:catacombs/multipart/crypt_graves",
          "rotation": "clockwise_90",
          "weight": 4
        },
        {
          "offset": {
            "x": 6,
            "z": 12
          },
          "model": "dungeoncrawl:default/multipart/large_wall",
          "rotation": "clockwise_90"
        }
      ]
    }
  }
}