{
  "offset": {
    "x": 1,
    "z": 1
  },
  "multipart": {
    "entrance_north": {
      "conditions": {
        "rotated_north": true
      },
      "models": [
        {
          "offset": {
            "x": 5,
            "z": -1
          },
          "rotation": "counterclockwise_90",
          "model": "dungeoncrawl:default/multipart/short_node_connector"
        }
      ]
    },
    "entrance_east": {
      "conditions": {
        "rotated_east": true
      },
      "models": [
        {
          "offset": {
            "x": 15,
            "z": 5
          },
          "model": "dungeoncrawl:default/multipart/short_node_connector"
        }
      ]
    },
    "entrance_south": {
      "conditions": {
        "rotated_south": true
      },
      "models": [
        {
          "offset": {
            "x": 5,
            "z": 15
          },
          "rotation": "clockwise_90",
          "model": "dungeoncrawl:default/multipart/short_node_connector"
        }
      ]
    },
    "entrance_west": {
      "conditions": {
        "rotated_west": true
      },
      "models": [
        {
          "offset": {
            "x": -1,
            "z": 5
          },
          "rotation": "clockwise_180",
          "model": "dungeoncrawl:default/multipart/short_node_connector"
        }
      ]
    }
  }
}