{
  "level_1": {
    "delay": {
      "min": 200,
      "max": 400
    },
    "amount": {
      "min": 1,
      "max": 2
    }
  },
  "level_2": {
    "delay": {
      "min": 200,
      "max": 300
    },
    "amount": {
      "min": 1,
      "max": 3
    }
  },
  "level_3": {
    "delay": {
      "min": 180,
      "max": 240
    },
    "amount": {
      "min": 1,
      "max": 3
    }
  },
  "level_4": {
    "delay": {
      "min": 180,
      "max": 240
    },
    "amount": {
      "min": 1,
      "max": 3
    }
  },
  "level_5": {
    "delay": {
      "min": 260,
      "max": 400
    },
    "amount": {
      "min": 2,
      "max": 3
    }
  }
}