{
  "pools": {
    "entrances:default": [
      {"key": "dungeoncrawl:entrance/roguelike/rogue_tower"},
      {"key": "dungeoncrawl:entrance/roguelike/witch_tower"}
    ],
    "corridors:top": [
      {"key": "dungeoncrawl:default/corridor/corridor", "weight": 4},
      {"key": "dungeoncrawl:default/corridor/corridor_2", "weight": 4},
      {"key": "dungeoncrawl:default/corridor/corridor_3", "weight": 4},
      {"key": "dungeoncrawl:default/corridor/corridor_light", "weight": 1}
    ],
    "corridors:lower_top": [
      {"key": "dungeoncrawl:default/corridor/corridor", "weight": 4},
      {"key": "dungeoncrawl:default/corridor/corridor_2", "weight": 4},
      {"key": "dungeoncrawl:default/corridor/corridor_3", "weight": 4},
      {"key": "dungeoncrawl:default/corridor/corridor_light", "weight": 1}
    ],
    "corridors:catacombs": [
      {"key": "dungeoncrawl:default/corridor/corridor", "weight": 6},
      {"key": "dungeoncrawl:default/corridor/stone_corridor", "weight": 6},
      {"key": "dungeoncrawl:default/corridor/corridor_light", "weight": 1}
    ],
    "corridors:lower_catacombs": [
      {"key": "dungeoncrawl:default/corridor/corridor", "weight": 1},
      {"key": "dungeoncrawl:default/corridor/stone_corridor", "weight": 1}
    ],
    "corridors:hell": [
      {"key": "dungeoncrawl:default/corridor/corridor", "weight": 1},
      {"key": "dungeoncrawl:default/corridor/stone_corridor", "weight": 1}
    ],
    "rooms:top": [
      {"key": "dungeoncrawl:default/room/spawner_room", "weight": 1},
      {"key": "dungeoncrawl:default/room/spawner_room_2", "weight": 1}
    ],
    "rooms:lower_top": [
      {"key": "dungeoncrawl:default/room/spawner_room", "weight": 1},
      {"key": "dungeoncrawl:default/room/spawner_room_2", "weight": 1}
    ],
    "rooms:catacombs": [
      {"key": "dungeoncrawl:catacombs/room/spawner_room", "weight": 1}
    ],
    "rooms:lower_catacombs": [
      {"key": "dungeoncrawl:catacombs/room/spawner_room", "weight": 1}
    ],
    "rooms:hell": [
      {"key": "dungeoncrawl:catacombs/room/spawner_room", "weight": 2},
      {"key": "dungeoncrawl:hell/room/empty_room", "weight": 1}
    ],
    "nodes:full:top": [
      {"key": "dungeoncrawl:default/node/fire_hall", "weight": 1},
      {"key": "dungeoncrawl:default/node/jukebox_room", "weight": 1},
      {"key": "dungeoncrawl:default/node/room", "weight": 1}
    ],
    "nodes:full:lower_top": [
      {"key": "dungeoncrawl:default/node/jukebox_room", "weight": 1},
      {"key": "dungeoncrawl:default/node/room", "weight": 1}
    ],
    "nodes:full:catacombs": [
      {"key": "dungeoncrawl:catacombs/node/fountain", "weight": 1},
      {"key": "dungeoncrawl:catacombs/node/sewers", "weight": 1},
      {"key": "dungeoncrawl:catacombs/node/prison", "weight": 2},
      {"key": "dungeoncrawl:catacombs/node/room", "weight": 2},
      {"key": "dungeoncrawl:catacombs/node/room_2", "weight": 2},
      {"key": "dungeoncrawl:catacombs/node/sarcophagus", "weight": 2}
    ],
    "nodes:full:lower_catacombs": [
      {"key": "dungeoncrawl:catacombs/node/fountain", "weight": 1},
      {"key": "dungeoncrawl:catacombs/node/sewers", "weight": 1},
      {"key": "dungeoncrawl:catacombs/node/prison", "weight": 2},
      {"key": "dungeoncrawl:catacombs/node/room", "weight": 2},
      {"key": "dungeoncrawl:catacombs/node/room_2", "weight": 2},
      {"key": "dungeoncrawl:catacombs/node/sarcophagus", "weight": 2}
    ],
    "nodes:full:hell": [
      {"key": "dungeoncrawl:catacombs/node/prison", "weight": 2},
      {"key": "dungeoncrawl:catacombs/node/room", "weight": 2},
      {"key": "dungeoncrawl:catacombs/node/room_2", "weight": 2},
      {"key": "dungeoncrawl:catacombs/node/sarcophagus", "weight": 2},
      {"key": "dungeoncrawl:hell/node/lava_hall", "weight": 2},
      {"key": "dungeoncrawl:hell/node/small_loot_room", "weight": 3}
    ],
    "nodes:fork:top": [
      {"key": "dungeoncrawl:default/node/fire_hall", "weight": 1},
      {"key": "dungeoncrawl:default/node/jukebox_room", "weight": 1},
      {"key": "dungeoncrawl:default/node/fireplace", "weight": 2},
      {"key": "dungeoncrawl:default/node/room", "weight": 1}
    ],
    "nodes:fork:lower_top": [
      {"key": "dungeoncrawl:default/node/jukebox_room", "weight": 1},
      {"key": "dungeoncrawl:default/node/fireplace", "weight": 1},
      {"key": "dungeoncrawl:default/node/room", "weight": 1}
    ],
    "nodes:fork:catacombs": [
      {"key": "dungeoncrawl:catacombs/node/fountain", "weight": 1},
      {"key": "dungeoncrawl:catacombs/node/sewers", "weight": 1},
      {"key": "dungeoncrawl:catacombs/node/prison", "weight": 2},
      {"key": "dungeoncrawl:catacombs/node/prison_fork", "weight": 5},
      {"key": "dungeoncrawl:catacombs/node/sewers_fork", "weight": 3},
      {"key": "dungeoncrawl:catacombs/node/room", "weight": 2},
      {"key": "dungeoncrawl:catacombs/node/room_2", "weight": 2},
      {"key": "dungeoncrawl:catacombs/node/sarcophagus", "weight": 2}
    ],
    "nodes:fork:lower_catacombs": [
      {"key": "dungeoncrawl:catacombs/node/fountain", "weight": 1},
      {"key": "dungeoncrawl:catacombs/node/sewers", "weight": 1},
      {"key": "dungeoncrawl:catacombs/node/prison", "weight": 2},
      {"key": "dungeoncrawl:catacombs/node/prison_fork", "weight": 5},
      {"key": "dungeoncrawl:catacombs/node/sewers_fork", "weight": 3},
      {"key": "dungeoncrawl:catacombs/node/room", "weight": 2},
      {"key": "dungeoncrawl:catacombs/node/room_2", "weight": 2},
      {"key": "dungeoncrawl:catacombs/node/sarcophagus", "weight": 2}
    ],
    "nodes:fork:hell": [
      {"key": "dungeoncrawl:catacombs/node/prison", "weight": 2},
      {"key": "dungeoncrawl:catacombs/node/prison_fork", "weight": 5},
      {"key": "dungeoncrawl:catacombs/node/room", "weight": 2},
      {"key": "dungeoncrawl:catacombs/node/room_2", "weight": 2},
      {"key": "dungeoncrawl:catacombs/node/sarcophagus", "weight": 2},
      {"key": "dungeoncrawl:hell/node/lava_hall", "weight": 2},
      {"key": "dungeoncrawl:hell/node/small_loot_room", "weight": 3}
    ],
    "nodes:straight:top": [
      {"key": "dungeoncrawl:default/node/fire_hall", "weight": 1},
      {"key": "dungeoncrawl:default/node/jukebox_room", "weight": 1},
      {"key": "dungeoncrawl:default/node/fireplace", "weight": 1},
      {"key": "dungeoncrawl:default/node/room", "weight": 1}
    ],
    "nodes:straight:lower_top": [
      {"key": "dungeoncrawl:default/node/jukebox_room", "weight": 1},
      {"key": "dungeoncrawl:default/node/fireplace", "weight": 1},
      {"key": "dungeoncrawl:default/node/room", "weight": 1}
    ],
    "nodes:straight:catacombs": [
      {"key": "dungeoncrawl:catacombs/node/fountain", "weight": 1},
      {"key": "dungeoncrawl:catacombs/node/sewers", "weight": 1},
      {"key": "dungeoncrawl:catacombs/node/prison", "weight": 2},
      {"key": "dungeoncrawl:catacombs/node/prison_fork", "weight": 2},
      {"key": "dungeoncrawl:catacombs/node/sewers_fork", "weight": 1},
      {"key": "dungeoncrawl:catacombs/node/sewers_straight", "weight": 3},
      {"key": "dungeoncrawl:catacombs/node/room", "weight": 2},
      {"key": "dungeoncrawl:catacombs/node/room_2", "weight": 2},
      {"key": "dungeoncrawl:catacombs/node/sarcophagus", "weight": 2}
    ],
    "nodes:straight:lower_catacombs": [
      {"key": "dungeoncrawl:catacombs/node/fountain", "weight": 1},
      {"key": "dungeoncrawl:catacombs/node/sewers", "weight": 1},
      {"key": "dungeoncrawl:catacombs/node/prison", "weight": 2},
      {"key": "dungeoncrawl:catacombs/node/prison_fork", "weight": 2},
      {"key": "dungeoncrawl:catacombs/node/sewers_fork", "weight": 1},
      {"key": "dungeoncrawl:catacombs/node/sewers_straight", "weight": 3},
      {"key": "dungeoncrawl:catacombs/node/room", "weight": 2},
      {"key": "dungeoncrawl:catacombs/node/room_2", "weight": 2},
      {"key": "dungeoncrawl:catacombs/node/sarcophagus", "weight": 2}
    ],
    "nodes:straight:hell": [
      {"key": "dungeoncrawl:catacombs/node/prison", "weight": 2},
      {"key": "dungeoncrawl:catacombs/node/prison_fork", "weight": 2},
      {"key": "dungeoncrawl:catacombs/node/room", "weight": 2},
      {"key": "dungeoncrawl:catacombs/node/room_2", "weight": 2},
      {"key": "dungeoncrawl:catacombs/node/sarcophagus", "weight": 2},
      {"key": "dungeoncrawl:hell/node/lava_hall", "weight": 2},
      {"key": "dungeoncrawl:hell/node/small_loot_room", "weight": 3}
    ],
    "nodes:turn:top": [
      {"key": "dungeoncrawl:default/node/fire_hall", "weight": 1},
      {"key": "dungeoncrawl:default/node/jukebox_room", "weight": 1},
      {"key": "dungeoncrawl:default/node/fireplace", "weight": 1},
      {"key": "dungeoncrawl:default/node/room", "weight": 1},
      {"key": "dungeoncrawl:default/node/dark_hall", "weight": 1}
    ],
    "nodes:turn:lower_top": [
      {"key": "dungeoncrawl:default/node/jukebox_room", "weight": 1},
      {"key": "dungeoncrawl:default/node/fireplace", "weight": 1},
      {"key": "dungeoncrawl:default/node/room", "weight": 1},
      {"key": "dungeoncrawl:default/node/dark_hall", "weight": 1}
    ],
    "nodes:turn:catacombs": [
      {"key": "dungeoncrawl:catacombs/node/fountain", "weight": 1},
      {"key": "dungeoncrawl:catacombs/node/sewers", "weight": 1},
      {"key": "dungeoncrawl:catacombs/node/prison", "weight": 2},
      {"key": "dungeoncrawl:catacombs/node/prison_fork", "weight": 2},
      {"key": "dungeoncrawl:catacombs/node/sewers_fork", "weight": 2},
      {"key": "dungeoncrawl:catacombs/node/crypt_turn", "weight": 10},
      {"key": "dungeoncrawl:catacombs/node/room", "weight": 2},
      {"key": "dungeoncrawl:catacombs/node/room_2", "weight": 2},
      {"key": "dungeoncrawl:catacombs/node/sarcophagus", "weight": 2}
    ],
    "nodes:turn:lower_catacombs": [
      {"key": "dungeoncrawl:catacombs/node/fountain", "weight": 1},
      {"key": "dungeoncrawl:catacombs/node/sewers", "weight": 1},
      {"key": "dungeoncrawl:catacombs/node/prison", "weight": 2},
      {"key": "dungeoncrawl:catacombs/node/prison_fork", "weight": 2},
      {"key": "dungeoncrawl:catacombs/node/sewers_fork", "weight": 2},
      {"key": "dungeoncrawl:catacombs/node/crypt_turn", "weight": 10},
      {"key": "dungeoncrawl:catacombs/node/room", "weight": 2},
      {"key": "dungeoncrawl:catacombs/node/room_2", "weight": 2},
      {"key": "dungeoncrawl:catacombs/node/sarcophagus", "weight": 2}
    ],
    "nodes:turn:hell": [
      {"key": "dungeoncrawl:catacombs/node/prison", "weight": 2},
      {"key": "dungeoncrawl:catacombs/node/prison_fork", "weight": 2},
      {"key": "dungeoncrawl:catacombs/node/room", "weight": 2},
      {"key": "dungeoncrawl:catacombs/node/room_2", "weight": 2},
      {"key": "dungeoncrawl:catacombs/node/sarcophagus", "weight": 2},
      {"key": "dungeoncrawl:hell/node/lava_hall", "weight": 2},
      {"key": "dungeoncrawl:hell/node/small_loot_room", "weight": 3}
    ],
    "nodes:dead_end:top": [
      {"key": "dungeoncrawl:default/node/fire_hall", "weight": 1},
      {"key": "dungeoncrawl:default/node/jukebox_room", "weight": 1},
      {"key": "dungeoncrawl:default/node/fireplace", "weight": 1},
      {"key": "dungeoncrawl:default/node/room", "weight": 2},
      {"key": "dungeoncrawl:default/node/dark_hall", "weight": 1}
    ],
    "nodes:dead_end:lower_top": [
      {"key": "dungeoncrawl:default/node/jukebox_room", "weight": 1},
      {"key": "dungeoncrawl:default/node/fireplace", "weight": 1},
      {"key": "dungeoncrawl:default/node/room", "weight": 2},
      {"key": "dungeoncrawl:default/node/dark_hall", "weight": 1}
    ],
    "nodes:dead_end:catacombs": [
      {"key": "dungeoncrawl:catacombs/node/fountain", "weight": 1},
      {"key": "dungeoncrawl:catacombs/node/sewers", "weight": 1},
      {"key": "dungeoncrawl:catacombs/node/prison", "weight": 2},
      {"key": "dungeoncrawl:catacombs/node/prison_fork", "weight": 2},
      {"key": "dungeoncrawl:catacombs/node/sewers_fork", "weight": 1},
      {"key": "dungeoncrawl:catacombs/node/sewers_straight", "weight": 1},
      {"key": "dungeoncrawl:catacombs/node/sewers_dead_end", "weight": 3},
      {"key": "dungeoncrawl:catacombs/node/crypt_dead_end", "weight": 10},
      {"key": "dungeoncrawl:catacombs/node/room", "weight": 2},
      {"key": "dungeoncrawl:catacombs/node/room_2", "weight": 2},
      {"key": "dungeoncrawl:catacombs/node/sarcophagus", "weight": 2}
    ],
    "nodes:dead_end:lower_catacombs": [
      {"key": "dungeoncrawl:catacombs/node/fountain", "weight": 1},
      {"key": "dungeoncrawl:catacombs/node/sewers", "weight": 1},
      {"key": "dungeoncrawl:catacombs/node/prison", "weight": 2},
      {"key": "dungeoncrawl:catacombs/node/prison_fork", "weight": 2},
      {"key": "dungeoncrawl:catacombs/node/sewers_fork", "weight": 1},
      {"key": "dungeoncrawl:catacombs/node/sewers_straight", "weight": 1},
      {"key": "dungeoncrawl:catacombs/node/sewers_dead_end", "weight": 3},
      {"key": "dungeoncrawl:catacombs/node/crypt_dead_end", "weight": 10},
      {"key": "dungeoncrawl:catacombs/node/room", "weight": 2},
      {"key": "dungeoncrawl:catacombs/node/room_2", "weight": 2},
      {"key": "dungeoncrawl:catacombs/node/sarcophagus", "weight": 2}
    ],
    "nodes:dead_end:hell": [
      {"key": "dungeoncrawl:catacombs/node/prison", "weight": 2},
      {"key": "dungeoncrawl:catacombs/node/prison_fork", "weight": 2},
      {"key": "dungeoncrawl:catacombs/node/room", "weight": 2},
      {"key": "dungeoncrawl:catacombs/node/room_2", "weight": 2},
      {"key": "dungeoncrawl:catacombs/node/sarcophagus", "weight": 2},
      {"key": "dungeoncrawl:hell/node/lava_hall", "weight": 2},
      {"key": "dungeoncrawl:hell/node/small_loot_room", "weight": 6}
    ],
    "node_connectors:top": [
      {"key": "dungeoncrawl:default/node/connector/connector", "weight": 1},
      {"key": "dungeoncrawl:default/node/connector/connector_4", "weight": 1},
      {"key": "dungeoncrawl:default/node/connector/connector_6", "weight": 1}
    ],
    "node_connectors:lower_top": [
      {"key": "dungeoncrawl:default/node/connector/connector", "weight": 1},
      {"key": "dungeoncrawl:default/node/connector/connector_2", "weight": 1},
      {"key": "dungeoncrawl:default/node/connector/connector_3", "weight": 1},
      {"key": "dungeoncrawl:default/node/connector/connector_4", "weight": 1},
      {"key": "dungeoncrawl:default/node/connector/connector_6", "weight": 1}
    ],
    "node_connectors:catacombs": [
      {"key": "dungeoncrawl:default/node/connector/connector", "weight": 1},
      {"key": "dungeoncrawl:default/node/connector/connector_2", "weight": 1},
      {"key": "dungeoncrawl:default/node/connector/connector_3", "weight": 1},
      {"key": "dungeoncrawl:default/node/connector/connector_6", "weight": 1}
    ],
    "node_connectors:lower_catacombs": [
      {"key": "dungeoncrawl:default/node/connector/connector_2", "weight": 1},
      {"key": "dungeoncrawl:default/node/connector/connector_3", "weight": 1},
      {"key": "dungeoncrawl:default/node/connector/connector_4", "weight": 1},
      {"key": "dungeoncrawl:default/node/connector/connector_6", "weight": 1}
    ],
    "node_connectors:hell": [
      {"key": "dungeoncrawl:default/node/connector/connector_lava", "weight": 1},
      {"key": "dungeoncrawl:default/node/connector/connector_6", "weight": 1}
    ],
    "corridor_linkers:top": [
      {"key": "dungeoncrawl:default/corridor/linker/cake_room", "weight": 2},
      {"key": "dungeoncrawl:default/corridor/linker/linker", "weight": 1},
      {"key": "dungeoncrawl:default/corridor/linker/linker_3", "weight": 1},
      {"key": "dungeoncrawl:default/corridor/linker/linker_6", "weight": 2},
      {"key": "dungeoncrawl:catacombs/corridor/linker/linker", "weight": 3}
    ],
    "corridor_linkers:lower_top": [
      {"key": "dungeoncrawl:default/corridor/linker/cake_room", "weight": 1},
      {"key": "dungeoncrawl:default/corridor/linker/linker", "weight": 1},
      {"key": "dungeoncrawl:default/corridor/linker/linker_3", "weight": 1},
      {"key": "dungeoncrawl:default/corridor/linker/linker_4", "weight": 1},
      {"key": "dungeoncrawl:default/corridor/linker/linker_5", "weight": 1},
      {"key": "dungeoncrawl:default/corridor/linker/linker_6", "weight": 2},
      {"key": "dungeoncrawl:catacombs/corridor/linker/linker", "weight": 5}
    ],
    "corridor_linkers:catacombs": [
      {"key": "dungeoncrawl:catacombs/corridor/linker/linker", "weight": 2},
      {"key": "dungeoncrawl:catacombs/corridor/linker/linker_trap", "weight": 1}
    ],
    "corridor_linkers:lower_catacombs": [
      {"key": "dungeoncrawl:catacombs/corridor/linker/linker", "weight": 2},
      {"key": "dungeoncrawl:catacombs/corridor/linker/linker_trap", "weight": 1}
    ],
    "corridor_linkers:hell": [
      {"key": "dungeoncrawl:default/corridor/linker/linker_4", "weight": 1}
    ]
  }
}