{
  "id": 80,
  "features": [
    {
      "type": "chest",
      "amount": {
        "min": 1,
        "max": 2
      },
      "positions": [
        {"x": 1, "y": 1, "z": 2, "facing": "south"},
        {"x": 2, "y": 1, "z": 1, "facing": "east"},
        {"x": 6, "y": 1, "z": 1, "facing": "west"},
        {"x": 7, "y": 1, "z": 2, "facing": "south"},
        {"x": 7, "y": 1, "z": 6, "facing": "north"},
        {"x": 6, "y": 1, "z": 7, "facing": "west"},
        {"x": 2, "y": 1, "z": 7, "facing": "east"},
        {"x": 1, "y": 1, "z": 6, "facing": "north"}
      ]
    }
  ]
}