{
  "decorations": [
    {
      "type": "vines"
    }
  ],
  "theme": {
    "generic": {
      "type": "random_block",
      "blocks": [
        {
          "block": "minecraft:cobblestone"
        },
        {
          "block": "minecraft:stone_bricks",
          "weight": 2
        },
        {
          "block": "minecraft:cracked_stone_bricks"
        }
      ]
    },
    "solid": {
      "type": "block",
      "block": "minecraft:bricks"
    },
    "pillar": {
      "type": "block",
      "block": "minecraft:bricks"
    },
    "floor": {
      "type": "pattern",
      "pattern_type": "checkerboard",
      "block_1": {
        "type": "block",
        "block": "minecraft:red_terracotta"
      },
      "block_2": {
        "type": "block",
        "block": "minecraft:obsidian"
      }
    },
    "stairs": {
      "type": "random_block",
      "blocks": [
        {
          "block": "minecraft:cobblestone_stairs"
        },
        {
          "block": "minecraft:stone_brick_stairs",
          "weight": 2
        }
      ]
    },
    "solid_stairs": {
      "type": "block",
      "block": "minecraft:brick_stairs"
    },
    "material": {
      "type": "random_block",
      "blocks": [
        {
          "block": "minecraft:stone_bricks",
          "weight": 3
        },
        {
          "block": "minecraft:cracked_stone_bricks"
        }
      ]
    },
    "slab": {
      "type": "random_block",
      "blocks": [
        {
          "block": "minecraft:cobblestone_slab"
        },
        {
          "block": "minecraft:stone_brick_slab",
          "weight": 2
        }
      ]
    },
    "solid_slab": {
      "type": "block",
      "block": "minecraft:brick_slab"
    },
    "wall": {
      "type": "random_block",
      "blocks": [
        {
          "block": "minecraft:cobblestone_wall",
          "weight": 2
        },
        {
          "block": "minecraft:stone_brick_wall",
          "weight": 2
        }
      ]
    },
    "fencing": {
      "type": "block",
      "block": "minecraft:iron_bars"
    },
    "fluid": {
      "type": "block",
      "block": "minecraft:water"
    }
  }
}