{
  "decorations": [
    {
      "type": "vines"
    }
  ],
  "theme": {
    "generic": {
      "type": "random_block",
      "blocks": [
        {
          "block": "minecraft:mossy_cobblestone",
          "weight": 3
        },
        {
          "block": "minecraft:mossy_stone_bricks",
          "weight": 3
        },
        {
          "block": "minecraft:cracked_stone_bricks"
        }
      ]
    },
    "solid": {
      "type": "random_block",
      "blocks": [
        {
          "block": "minecraft:mossy_stone_bricks",
          "weight": 3
        },
        {
          "block": "minecraft:cracked_stone_bricks"
        },
        {
          "block": "minecraft:chiseled_stone_bricks"
        },
        {
          "block": "minecraft:mossy_cobblestone",
          "weight": 2
        }
      ]
    },
    "pillar": {
      "type": "random_block",
      "blocks": [
        {
          "block": "minecraft:mossy_stone_bricks",
          "weight": 3
        },
        {
          "block": "minecraft:cracked_stone_bricks"
        },
        {
          "block": "minecraft:chiseled_stone_bricks"
        }
      ]
    },
    "floor": {
      "type": "random_block",
      "blocks": [
        {
          "block": "minecraft:mossy_stone_brick_stairs",
          "properties": {
            "facing": "north"
          }
        },
        {
          "block": "minecraft:mossy_stone_brick_stairs",
          "properties": {
            "facing": "east"
          }
        },
        {
          "block": "minecraft:mossy_stone_brick_stairs",
          "properties": {
            "facing": "south"
          }
        },
        {
          "block": "minecraft:mossy_stone_brick_stairs",
          "properties": {
            "facing": "west"
          }
        },
        {
          "block": "minecraft:mossy_cobblestone_stairs",
          "properties": {
            "facing": "north"
          }
        },
        {
          "block": "minecraft:mossy_cobblestone_stairs",
          "properties": {
            "facing": "east"
          }
        },
        {
          "block": "minecraft:mossy_cobblestone_stairs",
          "properties": {
            "facing": "south"
          }
        },
        {
          "block": "minecraft:mossy_cobblestone_stairs",
          "properties": {
            "facing": "west"
          }
        },
        {
          "block": "minecraft:gravel",
          "weight": 8
        },
        {
          "block": "minecraft:mossy_cobblestone",
          "weight": 16
        },
        {
          "block": "minecraft:mossy_stone_bricks",
          "weight": 12
        }
      ]
    },
    "stairs": {
      "type": "random_block",
      "blocks": [
        {
          "block": "minecraft:mossy_cobblestone_stairs",
          "weight": 3
        },
        {
          "block": "minecraft:mossy_stone_brick_stairs",
          "weight": 2
        },
        {
          "block": "minecraft:stone_brick_stairs"
        }
      ]
    },
    "solid_stairs": {
      "type": "random_block",
      "blocks": [
        {
          "block": "minecraft:mossy_cobblestone_stairs",
          "weight": 2
        },
        {
          "block": "minecraft:mossy_stone_brick_stairs",
          "weight": 3
        },
        {
          "block": "minecraft:stone_brick_stairs"
        }
      ]
    },
    "material": {
      "type": "random_block",
      "blocks": [
        {
          "block": "minecraft:mossy_stone_bricks",
          "weight": 3
        },
        {
          "block": "minecraft:cracked_stone_bricks"
        },
        {
          "block": "minecraft:mossy_cobblestone",
          "weight": 2
        }
      ]
    },
    "slab": {
      "type": "random_block",
      "blocks": [
        {
          "block": "minecraft:mossy_cobblestone_slab",
          "weight": 3
        },
        {
          "block": "minecraft:mossy_stone_brick_slab",
          "weight": 2
        },
        {
          "block": "minecraft:stone_brick_slab"
        }
      ]
    },
    "solid_slab": {
      "type": "random_block",
      "blocks": [
        {
          "block": "minecraft:mossy_cobblestone_slab",
          "weight": 2
        },
        {
          "block": "minecraft:mossy_stone_brick_slab",
          "weight": 3
        },
        {
          "block": "minecraft:stone_brick_slab"
        }
      ]
    },
    "wall": {
      "type": "random_block",
      "blocks": [
        {
          "block": "minecraft:mossy_cobblestone_wall",
          "weight": 2
        },
        {
          "block": "minecraft:mossy_stone_brick_wall",
          "weight": 2
        },
        {
          "block": "minecraft:stone_brick_wall"
        }
      ]
    },
    "fencing": {
      "type": "block",
      "block": "minecraft:iron_bars"
    },
    "fluid": {
      "type": "block",
      "block": "minecraft:water"
    }
  }
}