{
  "id": 80,
  "theme": {
    "generic": {
      "type": "random_block",
      "blocks": [
        {
          "block": "minecraft:mossy_cobblestone"
        },
        {
          "block": "minecraft:mossy_stone_bricks"
        },
        {
          "block": "minecraft:stone_bricks"
        },
        {
          "block": "minecraft:cracked_stone_bricks"
        }
      ]
    },
    "solid": {
      "type": "random_block",
      "blocks": [
        {
          "block": "minecraft:mossy_stone_bricks",
          "weight": 2
        },
        {
          "block": "minecraft:cracked_stone_bricks",
          "weight": 2
        },
        {
          "block": "minecraft:stone_bricks"
        },
        {
          "block": "minecraft:chiseled_stone_bricks"
        },
        {
          "block": "minecraft:mossy_cobblestone"
        }
      ]
    },
    "pillar": {
      "type": "random_block",
      "blocks": [
        {
          "block": "minecraft:mossy_stone_bricks",
          "weight": 3
        },
        {
          "block": "minecraft:stone_bricks"
        },
        {
          "block": "minecraft:cracked_stone_bricks"
        },
        {
          "block": "minecraft:chiseled_stone_bricks"
        }
      ]
    },
    "floor": {
      "type": "random_block",
      "blocks": [
        {
          "block": "minecraft:gravel"
        },
        {
          "block": "minecraft:mossy_cobblestone"
        },
        {
          "block": "minecraft:mossy_stone_bricks",
          "weight": 2
        },
        {
          "block": "minecraft:stone_bricks"
        }
      ]
    },
    "stairs": {
      "type": "random_block",
      "blocks": [
        {
          "block": "minecraft:mossy_cobblestone_stairs"
        },
        {
          "block": "minecraft:mossy_stone_brick_stairs",
          "weight": 2
        },
        {
          "block": "minecraft:stone_brick_stairs",
          "weight": 2
        }
      ]
    },
    "solid_stairs": {
      "type": "random_block",
      "blocks": [
        {
          "block": "minecraft:mossy_cobblestone_stairs"
        },
        {
          "block": "minecraft:mossy_stone_brick_stairs",
          "weight": 2
        },
        {
          "block": "minecraft:stone_brick_stairs",
          "weight": 2
        }
      ]
    },
    "material": {
      "type": "random_block",
      "blocks": [
        {
          "block": "minecraft:mossy_stone_bricks",
          "weight": 3
        },
        {
          "block": "minecraft:cracked_stone_bricks"
        },
        {
          "block": "minecraft:stone_bricks"
        },
        {
          "block": "minecraft:mossy_cobblestone"
        }
      ]
    },
    "slab": {
      "type": "random_block",
      "blocks": [
        {
          "block": "minecraft:mossy_cobblestone_slab"
        },
        {
          "block": "minecraft:mossy_stone_brick_slab",
          "weight": 2
        },
        {
          "block": "minecraft:stone_brick_slab"
        }
      ]
    },
    "solid_slab": {
      "type": "random_block",
      "blocks": [
        {
          "block": "minecraft:mossy_cobblestone_slab"
        },
        {
          "block": "minecraft:mossy_stone_brick_slab",
          "weight": 3
        },
        {
          "block": "minecraft:stone_brick_slab"
        }
      ]
    },
    "wall": {
      "type": "random_block",
      "blocks": [
        {
          "block": "minecraft:mossy_cobblestone_wall"
        },
        {
          "block": "minecraft:mossy_stone_brick_wall",
          "weight": 2
        },
        {
          "block": "minecraft:stone_brick_wall"
        }
      ]
    },
    "fencing": {
      "type": "block",
      "block": "minecraft:iron_bars"
    },
    "fluid": {
      "type": "block",
      "block": "minecraft:water"
    }
  }
}