{
  "id": 50,
  "theme": {
    "generic": {
      "type": "random_block",
      "blocks": [
        {
          "block": "minecraft:polished_andesite",
          "weight": 2
        },
        {
          "block": "minecraft:cobblestone"
        },
        {
          "block": "minecraft:cracked_stone_bricks"
        }
      ]
    },
    "solid": {
      "type": "random_block",
      "blocks": [
        {
          "block": "minecraft:stone_bricks"
        },
        {
          "block": "minecraft:polished_andesite",
          "weight": 2
        },
        {
          "block": "minecraft:cracked_stone_bricks"
        }
      ]
    },
    "pillar": {
      "type": "random_block",
      "blocks": [
        {
          "block": "minecraft:stone_bricks"
        },
        {
          "block": "minecraft:polished_andesite",
          "weight": 2
        },
        {
          "block": "minecraft:cracked_stone_bricks"
        }
      ]
    },
    "floor": {
      "type": "random_block",
      "blocks": [
        {
          "block": "minecraft:cracked_stone_bricks"
        },
        {
          "block": "minecraft:polished_andesite",
          "weight": 4
        },
        {
          "block": "minecraft:chiseled_stone_bricks",
          "weight": 2
        }
      ]
    },
    "stairs": {
      "type": "random_block",
      "blocks": [
        {
          "block": "minecraft:andesite_stairs"
        },
        {
          "block": "minecraft:polished_andesite_stairs",
          "weight": 3
        }
      ]
    },
    "solid_stairs": {
      "type": "block",
      "block": "minecraft:polished_andesite_stairs"
    },
    "slab": {
      "type": "random_block",
      "blocks": [
        {
          "block": "minecraft:andesite_slab",
          "weight": 2
        },
        {
          "block": "minecraft:polished_andesite_slab",
          "weight": 2
        }
      ]
    },
    "solid_slab": {
      "type": "block",
      "block": "minecraft:polished_andesite_slab"
    },
    "material": {
      "type": "random_block",
      "blocks": [
        {
          "block": "minecraft:andesite"
        },
        {
          "block": "minecraft:polished_andesite",
          "weight": 2
        },
        {
          "block": "minecraft:cracked_stone_bricks"
        }
      ]
    },
    "wall": {
      "type": "random_block",
      "blocks": [
        {
          "block": "minecraft:andesite_wall",
          "weight": 2
        },
        {
          "block": "minecraft:cobblestone_wall"
        }
      ]
    },
    "fencing": {
      "type": "block",
      "block": "minecraft:iron_bars"
    },
    "fluid": {
      "type": "block",
      "block": "minecraft:water"
    }
  }
}