{
  "id": 48,
  "theme": {
    "generic": {
      "type": "random_block",
      "blocks": [
        {
          "block": "minecraft:cobblestone",
          "weight": 2
        },
        {
          "block": "minecraft:stone_bricks"
        },
        {
          "block": "minecraft:cracked_stone_bricks"
        }
      ]
    },
    "solid": {
      "type": "random_block",
      "blocks": [
        {
          "block": "minecraft:bricks",
          "weight": 2
        },
        {
          "block": "minecraft:polished_granite"
        }
      ]
    },
    "pillar": {
      "type": "block",
      "block": "minecraft:bricks"
    },
    "floor": {
      "type": "random_block",
      "blocks": [
        {
          "block": "minecraft:cobblestone",
          "weight": 2
        },
        {
          "block": "minecraft:stone_bricks"
        },
        {
          "block": "minecraft:cracked_stone_bricks"
        }
      ]
    },
    "solid_stairs": {
      "type": "random_block",
      "blocks": [
        {
          "block": "minecraft:granite_stairs"
        },
        {
          "block": "minecraft:polished_granite_stairs"
        },
        {
          "block": "minecraft:brick_stairs",
          "weight": 2
        }
      ]
    },
    "stairs": {
      "type": "random_block",
      "blocks": [
        {
          "block": "minecraft:cobblestone_stairs",
          "weight": 2
        },
        {
          "block": "minecraft:stone_brick_stairs"
        }
      ]
    },
    "slab": {
      "type": "random_block",
      "blocks": [
        {
          "block": "minecraft:cobblestone_slab",
          "weight": 2
        },
        {
          "block": "minecraft:stone_brick_slab"
        }
      ]
    },
    "solid_slab": {
      "type": "random_block",
      "blocks": [
        {
          "block": "minecraft:polished_granite_slab"
        },
        {
          "block": "minecraft:brick_slab",
          "weight": 2
        },
        {
          "block": "minecraft:granite_slab"
        }
      ]
    },
    "material": {
      "type": "random_block",
      "blocks": [
        {
          "block": "minecraft:cobblestone",
          "weight": 2
        },
        {
          "block": "minecraft:stone_bricks"
        },
        {
          "block": "minecraft:cracked_stone_bricks"
        }
      ]
    },
    "wall":{
      "type": "block",
      "block": "minecraft:brick_wall"
    },
    "fencing": {
      "type": "block",
      "block": "minecraft:iron_bars"
    },
    "fluid": {
      "type": "block",
      "block": "minecraft:water"
    }
  }
}