{
  "id": 0,
  "theme": {
    "generic": {
      "type": "random_block",
      "blocks": [
        {
          "block": "minecraft:cobblestone"
        },
        {
          "block": "minecraft:stone_bricks",
          "weight": 10
        },
        {
          "block": "minecraft:cracked_stone_bricks",
          "weight": 10
        },
        {
          "block": "minecraft:mossy_stone_bricks"
        }
      ]
    },
    "solid": {
      "type": "random_block",
      "blocks": [
        {
          "block": "minecraft:stone_bricks",
          "weight": 10
        },
        {
          "block": "minecraft:mossy_stone_bricks"
        },
        {
          "block": "minecraft:cracked_stone_bricks",
          "weight": 8
        }
      ]
    },
    "pillar": {
      "type": "random_block",
      "blocks": [
        {
          "block": "minecraft:stone_bricks",
          "weight": 10
        },
        {
          "block": "minecraft:mossy_stone_bricks"
        },
        {
          "block": "minecraft:cracked_stone_bricks",
          "weight": 8
        }
      ]
    },
    "floor": {
      "type": "random_block",
      "blocks": [
        {
          "block": "minecraft:stone_bricks",
          "weight": 3
        },
        {
          "block": "minecraft:cracked_stone_bricks",
          "weight": 2
        }
      ]
    },
    "stairs": {
      "type": "random_block",
      "blocks": [
        {
          "block": "minecraft:cobblestone_stairs",
          "weight": 4
        },
        {
          "block": "minecraft:stone_brick_stairs",
          "weight": 4
        }
      ]
    },
    "solid_stairs": {
      "type": "random_block",
      "blocks": [
        {
          "block": "minecraft:stone_brick_stairs",
          "weight": 3
        },
        {
          "block": "minecraft:cobblestone_stairs"
        }
      ]
    },
    "material": {
      "type": "random_block",
      "blocks": [
        {
          "block": "minecraft:cracked_stone_bricks"
        },
        {
          "block": "minecraft:stone_bricks",
          "weight": 3
        }
      ]
    },
    "slab": {
      "type": "random_block",
      "blocks": [
        {
          "block": "minecraft:cobblestone_slab"
        },
        {
          "block": "minecraft:stone_brick_slab",
          "weight": 3
        }
      ]
    },
    "solid_slab": {
      "type": "random_block",
      "blocks": [
        {
          "block": "minecraft:cobblestone_slab"
        },
        {
          "block": "minecraft:stone_brick_slab",
          "weight": 3
        }
      ]
    },
    "wall": {
      "type": "random_block",
      "blocks": [
        {
          "block": "minecraft:cobblestone_wall"
        },
        {
          "block": "minecraft:stone_brick_wall",
          "weight": 3
        }
      ]
    },
    "fencing": {
      "type": "block",
      "block": "minecraft:iron_bars"
    },
    "fluid": {
      "type": "block",
      "block": "minecraft:water"
    }
  }
}