{
  "theme": {
    "button": {
      "type": "block",
      "block": "minecraft:stone_button"
    },
    "door": {
      "type": "block",
      "block": "minecraft:iron_door"
    },
    "fence": {
      "type": "block",
      "block": "minecraft:cave_air"
    },
    "fence_gate": {
      "type": "block",
      "block": "minecraft:cave_air"
    },
    "material": {
      "type": "random_block",
      "blocks": [
        {
          "block": "minecraft:gravel",
          "weight": 1
        },
        {
          "block": "minecraft:basalt",
          "weight": 1
        },
        {
          "block": "minecraft:cracked_stone_bricks",
          "weight": 3
        },
        {
          "block": "minecraft:mossy_stone_bricks",
          "weight": 3
        },
        {
          "block": "minecraft:mossy_cobblestone",
          "weight": 2
        },
        {
          "block": "minecraft:cobblestone",
          "weight": 2
        }
      ]
    },
    "pillar": {
      "type": "block",
      "block": "minecraft:basalt"
    },
    "pressure_plate": {
      "type": "block",
      "block": "minecraft:stone_pressure_plate"
    },
    "slab": {
      "type": "random_block",
      "blocks": [
        {
          "block": "minecraft:cobblestone_slab",
          "weight": 2
        },
        {
          "block": "minecraft:mossy_cobblestone_slab",
          "weight": 2
        },
        {
          "block": "minecraft:mossy_stone_brick_slab",
          "weight": 1
        }
      ]
    },
    "stairs": {
      "type": "random_block",
      "blocks": [
        {
          "block": "minecraft:cobblestone_stairs",
          "weight": 2
        },
        {
          "block": "minecraft:mossy_cobblestone_stairs",
          "weight": 2
        },
        {
          "block": "minecraft:mossy_stone_brick_stairs",
          "weight": 1
        }
      ]
    },
    "trapdoor": {
      "type": "block",
      "block": "minecraft:cave_air"
    }
  }
}