{
  "id": 1,
  "secondary_theme": [{"key": "dungeoncrawl:vanilla/hell/default"}],
  "theme": {
    "generic": {
      "type": "random_block",
      "blocks": [
        {
          "block": "minecraft:nether_bricks",
          "weight": 2
        },
        {
          "block": "minecraft:red_nether_bricks"
        }
      ]
    },
    "solid": {
      "type": "random_block",
      "blocks": [
        {
          "block": "minecraft:nether_bricks"
        },
        {
          "block": "minecraft:red_nether_bricks"
        }
      ]
    },
    "pillar": {
      "type": "random_block",
      "blocks": [
        {
          "block": "minecraft:nether_bricks"
        },
        {
          "block": "minecraft:red_nether_bricks"
        }
      ]
    },
    "floor": {
      "type": "pattern",
      "pattern_type": "checkerboard",
      "block_1": {
        "type": "random_block",
        "blocks": [
          {
            "block": "minecraft:nether_bricks",
            "weight": 3
          },
          {
            "block": "minecraft:red_nether_bricks"
          }
        ]
      },
      "block_2": {
        "type": "random_block",
        "blocks": [
          {
            "block": "minecraft:red_nether_bricks",
            "weight": 3
          },
          {
            "block": "minecraft:nether_bricks"
          }
        ]
      }
    },
    "stairs": {
      "type": "random_block",
      "blocks": [
        {
          "block": "minecraft:nether_brick_stairs"
        },
        {
          "block": "minecraft:red_nether_brick_stairs"
        }
      ]
    },
    "solid_stairs": {
      "type": "random_block",
      "blocks": [
        {
          "block": "minecraft:nether_brick_stairs"
        },
        {
          "block": "minecraft:red_nether_brick_stairs"
        }
      ]
    },
    "material": {
      "type": "block",
      "block": "minecraft:netherrack"
    },
    "wall": {
      "type": "random_block",
      "blocks": [
        {
          "block": "minecraft:nether_brick_wall"
        },
        {
          "block": "minecraft:red_nether_brick_wall"
        }
      ]
    },
    "slab": {
      "type": "random_block",
      "blocks": [
        {
          "block": "minecraft:nether_brick_slab"
        },
        {
          "block": "minecraft:red_nether_brick_slab"
        }
      ]
    },
    "solid_slab": {
      "type": "random_block",
      "blocks": [
        {
          "block": "minecraft:nether_brick_slab"
        },
        {
          "block": "minecraft:red_nether_brick_slab"
        }
      ]
    },
    "fencing": {
      "type": "block",
      "block": "minecraft:nether_brick_fence"
    },
    "fluid": {
      "type": "block",
      "block": "minecraft:lava"
    }
  }
}