{
  "helmet": [
    {
      "item": "minecraft:leather_helmet",
      "weight": 2
    },
    {
      "item": "minecraft:chainmail_helmet"
    },
    {
      "item": "minecraft:golden_helmet",
      "weight": 2
    }
  ],
  "chestplate": [
    {
      "item": "minecraft:leather_chestplate",
      "weight": 2
    },
    {
      "item": "minecraft:chainmail_chestplate"
    },
    {
      "item": "minecraft:golden_chestplate",
      "weight": 2
    }
  ],
  "leggings": [
    {
      "item": "minecraft:leather_leggings",
      "weight": 2
    },
    {
      "item": "minecraft:chainmail_leggings"
    },
    {
      "item": "minecraft:golden_leggings",
      "weight": 2
    }
  ],
  "boots": [
    {
      "item": "minecraft:leather_boots",
      "weight": 2
    },
    {
      "item": "minecraft:chainmail_boots"
    },
    {
      "item": "minecraft:golden_boots",
      "weight": 2
    }
  ]
}