{
  "helmet": [
    {
      "item": "minecraft:leather_helmet"
    },
    {
      "item": "minecraft:chainmail_helmet"
    },
    {
      "item": "minecraft:golden_helmet"
    },
    {
      "item": "minecraft:diamond_helmet"
    },
    {
      "item": "minecraft:iron_helmet",
      "weight": 2
    }
  ],
  "chestplate": [
    {
      "item": "minecraft:leather_chestplate"
    },
    {
      "item": "minecraft:chainmail_chestplate"
    },
    {
      "item": "minecraft:golden_chestplate"
    },
    {
      "item": "minecraft:diamond_chestplate"
    },
    {
      "item": "minecraft:iron_chestplate",
      "weight": 2
    }
  ],
  "leggings": [
    {
      "item": "minecraft:leather_leggings"
    },
    {
      "item": "minecraft:chainmail_leggings"
    },
    {
      "item": "minecraft:golden_leggings"
    },
    {
      "item": "minecraft:diamond_leggings"
    },
    {
      "item": "minecraft:iron_leggings",
      "weight": 2
    }
  ],
  "boots": [
    {
      "item": "minecraft:leather_boots"
    },
    {
      "item": "minecraft:chainmail_boots"
    },
    {
      "item": "minecraft:golden_boots"
    },
    {
      "item": "minecraft:chainmail_boots"
    },
    {
      "item": "minecraft:diamond_boots"
    },
    {
      "item": "minecraft:iron_boots",
      "weight": 2
    }
  ]
}