{
  "default": [
    {"key": "dungeoncrawl:vanilla/default", "weight": 2},
    {"key": "dungeoncrawl:vanilla/bricks", "weight": 1},
    {"key": "dungeoncrawl:vanilla/bricks_2", "weight": 1},
    {"key": "dungeoncrawl:vanilla/andesite", "weight": 2}
  ],
  "mapping": {
    "minecraft:jungle": [{"key": "dungeoncrawl:vanilla/jungle/default"}],
    "minecraft:jungle_edge": [{"key": "dungeoncrawl:vanilla/jungle/default"}],
    "minecraft:jungle_hills": [{"key": "dungeoncrawl:vanilla/jungle/default"}],
    "minecraft:modified_jungle": [{"key": "dungeoncrawl:vanilla/jungle/default"}],
    "minecraft:modified_jungle_edge": [{"key": "dungeoncrawl:vanilla/jungle/default"}],
    "minecraft:bamboo_jungle": [{"key": "dungeoncrawl:vanilla/jungle/default"}],
    "minecraft:bamboo_jungle_hills": [{"key": "dungeoncrawl:vanilla/jungle/default"}],

    "minecraft:desert": [
      {"key": "dungeoncrawl:vanilla/desert/default"},
      {"key": "dungeoncrawl:vanilla/desert/granite"},
      {"key": "dungeoncrawl:vanilla/desert/diorite"}
    ],
    "minecraft:desert_hills": [
      {"key": "dungeoncrawl:vanilla/desert/default"},
      {"key": "dungeoncrawl:vanilla/desert/granite"},
      {"key": "dungeoncrawl:vanilla/desert/diorite"}
    ],
    "minecraft:desert_lakes": [
      {"key": "dungeoncrawl:vanilla/desert/default"},
      {"key": "dungeoncrawl:vanilla/desert/granite"},
      {"key": "dungeoncrawl:vanilla/desert/diorite"}
    ],

    "minecraft:badlands": [{"key": "dungeoncrawl:vanilla/badlands/default"}],
    "minecraft:badlands_plateau": [{"key": "dungeoncrawl:vanilla/badlands/default"}],
    "minecraft:wooded_badlands_plateau": [{"key": "dungeoncrawl:vanilla/badlands/default"}],
    "minecraft:eroded_badlands": [{"key": "dungeoncrawl:vanilla/badlands/default"}],
    "minecraft:modified_badlands_plateau": [{"key": "dungeoncrawl:vanilla/badlands/default"}],
    "minecraft:modified_wooded_badlands_plateau": [{"key": "dungeoncrawl:vanilla/badlands/default"}],

    "minecraft:mountains": [
      {"key": "dungeoncrawl:vanilla/mountains/default", "weight": 2}, {"key": "dungeoncrawl:vanilla/default"}
    ],
    "minecraft:snowy_mountains": [
      {"key": "dungeoncrawl:vanilla/mountains/default", "weight": 2}, {"key": "dungeoncrawl:vanilla/default"}
    ],
    "minecraft:gravelly_mountains": [
      {"key": "dungeoncrawl:vanilla/mountains/default", "weight": 2}, {"key": "dungeoncrawl:vanilla/default"}
    ],
    "minecraft:modified_gravelly_mountains": [
      {"key": "dungeoncrawl:vanilla/mountains/default", "weight": 2}, {"key": "dungeoncrawl:vanilla/default"}
    ],
    "minecraft:wooded_mountains": [
      {"key": "dungeoncrawl:vanilla/mountains/default", "weight": 2}, {"key": "dungeoncrawl:vanilla/default"}
    ],
    "minecraft:mountain_edge": [
      {"key": "dungeoncrawl:vanilla/mountains/default", "weight": 2}, {"key": "dungeoncrawl:vanilla/default"}
    ],
    "minecraft:taiga_hills": [
      {"key": "dungeoncrawl:vanilla/mountains/default"}, {"key": "dungeoncrawl:vanilla/default", "weight": 2}
    ],
    "minecraft:snowy_taiga_hills": [
      {"key": "dungeoncrawl:vanilla/mountains/default"}, {"key": "dungeoncrawl:vanilla/default", "weight": 2}
    ],
    "minecraft:taiga_mountains": [
      {"key": "dungeoncrawl:vanilla/mountains/default", "weight": 2}, {"key": "dungeoncrawl:vanilla/default"}
    ],
    "minecraft:snowy_taiga_mountains": [
      {"key": "dungeoncrawl:vanilla/mountains/default", "weight": 2}, {"key": "dungeoncrawl:vanilla/default"}
    ],

    "minecraft:swamp": [{"key": "dungeoncrawl:vanilla/catacombs/mossy"}],
    "minecraft:swamp_hills": [{"key": "dungeoncrawl:vanilla/catacombs/mossy"}]
  }
}