{
	"pools": [
		{
			"name": "dungeon_dispenser_1",
			"rolls": {
				"min": 2,
				"max": 4
			},
			"entries": [
				{
					"type": "item",
					"name": "minecraft:arrow",
					"functions": [
                        {
                            "function": "set_count",
                            "count": {
                                "min": 3,
                                "max": 9
                            }
                        }
                    ],
                    "weight": 2
				},
				{
                	"type": "item",
                	"name": "minecraft:splash_potion",
                	"weight": 1,
                	"functions": [
                		{
                			"function": "set_nbt",
                			"tag": "{Potion:\"minecraft:poison\"}"
                		}
                	
                	]
                }
			]
		}
	]
}