{
  "id": 161,
  "offset": {
    "z": 1,
    "rotate": "true"
  },
  "multipart": {
    "ceiling": {
      "models": [
        {
          "offset": {
            "x": 3,
            "y": 5,
            "z": 2
          },
          "model": "dungeoncrawl:default/multipart/corridor/light"
        }
      ]
    },
    "light_switch": {
      "models": [
        {
          "offset": {
            "x": 3,
            "z": -1
          },
          "model": "dungeoncrawl:default/multipart/corridor/light_switch"
        }
      ]
    },
    "right": {
      "models": [
        {
          "offset": {
            "x": 3,
            "z": 5
          },
          "rotation": "clockwise_180",
          "model": "dungeoncrawl:default/multipart/corridor/light_switch",
          "weight": 6
        },
        {
          "offset": {
            "x": 3,
            "z": 5
          },
          "rotation": "clockwise_180",
          "model": "dungeoncrawl:default/multipart/corridor/default",
          "weight": 5
        },
        {
          "offset": {
            "x": 3,
            "z": 5
          },
          "rotation": "clockwise_180",
          "model": "dungeoncrawl:default/multipart/corridor/variant",
          "weight": 5
        },
        {
          "offset": {
            "x": 3,
            "z": 5
          },
          "rotation": "clockwise_180",
          "model": "dungeoncrawl:default/multipart/corridor/variant_2",
          "weight": 5
        },
        {
          "offset": {
            "x": 3,
            "z": 5
          },
          "rotation": "clockwise_180",
          "model": "dungeoncrawl:default/multipart/corridor/bookshelf",
          "weight": 4
        },
        {
          "offset": {
            "x": 3,
            "z": 5
          },
          "rotation": "clockwise_180",
          "model": "dungeoncrawl:default/multipart/corridor/chest",
          "weight": 4
        },
        {
          "offset": {
            "x": 3,
            "z": 5
          },
          "rotation": "clockwise_180",
          "model": "dungeoncrawl:default/multipart/corridor/spawner",
          "weight": 4
        }
      ]
    }
  }
}