{
  "id": 162,
  "offset": {
    "z": 2,
    "rotate": "true"
  },
  "multipart": {
    "left_1": {
      "models": [
        {
          "offset": {"x": 1, "z": -1},
          "model": "dungeoncrawl:default/multipart/corridor/default",
          "weight": 8
        },
        {
          "offset": {"x": 1, "z": -1},
          "model": "dungeoncrawl:default/multipart/corridor/variant",
          "weight": 7
        },
        {
          "offset": {"x": 1, "z": -1},
          "model": "dungeoncrawl:default/multipart/corridor/variant_2",
          "weight": 7
        },
        {
          "offset": {"x": 1, "z": -1},
          "model": "dungeoncrawl:default/multipart/corridor/bookshelf",
          "weight": 4
        },
        {
          "offset": {"x": 1, "z": -1},
          "model": "dungeoncrawl:default/multipart/corridor/chest",
          "weight": 4
        },
        {
          "offset": {"x": 1, "z": -1},
          "model": "dungeoncrawl:default/multipart/corridor/spawner",
          "weight": 4
        }
      ]
    },
    "left_2": {
      "models": [
        {
          "offset": {"x": 5, "z": -1},
          "model": "dungeoncrawl:default/multipart/corridor/default",
          "weight": 8
        },
        {
          "offset": {"x": 5, "z": -1},
          "model": "dungeoncrawl:default/multipart/corridor/variant",
          "weight": 7
        },
        {
          "offset": {"x": 5, "z": -1},
          "model": "dungeoncrawl:default/multipart/corridor/variant_2",
          "weight": 7
        },
        {
          "offset": {"x": 5, "z": -1},
          "model": "dungeoncrawl:default/multipart/corridor/bookshelf",
          "weight": 4
        },
        {
          "offset": {"x": 5, "z": -1},
          "model": "dungeoncrawl:default/multipart/corridor/chest",
          "weight": 4
        },
        {
          "offset": {"x": 5, "z": -1},
          "model": "dungeoncrawl:default/multipart/corridor/spawner",
          "weight": 4
        }
      ]
    },
    "right_1": {
      "models": [
        {
          "offset": {"x": 1, "z": 4},
          "rotation": "clockwise_180",
          "model": "dungeoncrawl:default/multipart/corridor/default",
          "weight": 8
        },
        {
          "offset": {"x": 1, "z": 4},
          "rotation": "clockwise_180",
          "model": "dungeoncrawl:default/multipart/corridor/variant",
          "weight": 7
        },
        {
          "offset": {"x": 1, "z": 4},
          "rotation": "clockwise_180",
          "model": "dungeoncrawl:default/multipart/corridor/variant_2",
          "weight": 7
        },
        {
          "offset": {"x": 1, "z": 4},
          "rotation": "clockwise_180",
          "model": "dungeoncrawl:default/multipart/corridor/bookshelf",
          "weight": 4
        },
        {
          "offset": {"x": 1, "z": 4},
          "rotation": "clockwise_180",
          "model": "dungeoncrawl:default/multipart/corridor/chest",
          "weight": 4
        },
        {
          "offset": {"x": 1, "z": 4},
          "rotation": "clockwise_180",
          "model": "dungeoncrawl:default/multipart/corridor/spawner",
          "weight": 4
        }
      ]
    },
    "right_2": {
      "models": [
        {
          "offset": {"x": 5, "z": 4},
          "rotation": "clockwise_180",
          "model": "dungeoncrawl:default/multipart/corridor/default",
          "weight": 8
        },
        {
          "offset": {"x": 5, "z": 4},
          "rotation": "clockwise_180",
          "model": "dungeoncrawl:default/multipart/corridor/variant",
          "weight": 7
        },
        {
          "offset": {"x": 5, "z": 4},
          "rotation": "clockwise_180",
          "model": "dungeoncrawl:default/multipart/corridor/variant_2",
          "weight": 7
        },
        {
          "offset": {"x": 5, "z": 4},
          "rotation": "clockwise_180",
          "model": "dungeoncrawl:default/multipart/corridor/bookshelf",
          "weight": 4
        },
        {
          "offset": {"x": 5, "z": 4},
          "rotation": "clockwise_180",
          "model": "dungeoncrawl:default/multipart/corridor/chest",
          "weight": 4
        },
        {
          "offset": {"x": 5, "z": 4},
          "rotation": "clockwise_180",
          "model": "dungeoncrawl:default/multipart/corridor/spawner",
          "weight": 4
        }
      ]
    }
  }
}