{
  "id": 163,
  "offset": {
    "z": 1,
    "rotate": "true"
  },
  "multipart": {
    "secret_entrance": {
      "models": [
        {
          "offset": {
            "x": 3,
            "z": -1
          },
          "model": "dungeoncrawl:default/multipart/corridor/secret_room_entrance"
        },
        {
          "offset": {
            "x": 3,
            "z": -1
          },
          "model": "dungeoncrawl:default/multipart/corridor/secret_room_entrance_2"
        },
        {
          "offset": {
            "x": 3,
            "z": -1
          },
          "model": "dungeoncrawl:default/multipart/corridor/secret_room_entrance_3"
        },
        {
          "offset": {
            "x": 3,
            "z": -1
          },
          "model": "dungeoncrawl:default/multipart/corridor/secret_room_entrance_bookshelf"
        }
      ]
    },
    "decoration": {
      "models": [
        {
          "offset": {
            "x": 3,
            "z": 5
          },
          "rotation": "clockwise_180",
          "model": "dungeoncrawl:default/multipart/corridor/default",
          "weight": 6
        },
        {
          "offset": {
            "x": 3,
            "z": 5
          },
          "rotation": "clockwise_180",
          "model": "dungeoncrawl:default/multipart/corridor/variant",
          "weight": 6
        },
        {
          "offset": {
            "x": 3,
            "z": 5
          },
          "rotation": "clockwise_180",
          "model": "dungeoncrawl:default/multipart/corridor/variant_2",
          "weight": 6
        },
        {
          "offset": {
            "x": 3,
            "z": 5
          },
          "rotation": "clockwise_180",
          "model": "dungeoncrawl:default/multipart/corridor/bookshelf",
          "weight": 5
        },
        {
          "offset": {
            "x": 3,
            "z": 5
          },
          "rotation": "clockwise_180",
          "model": "dungeoncrawl:default/multipart/corridor/chest",
          "weight": 3
        },
        {
          "offset": {
            "x": 3,
            "z": 5
          },
          "rotation": "clockwise_180",
          "model": "dungeoncrawl:default/multipart/corridor/spawner",
          "weight": 3
        },
        {
          "offset": {
            "x": 3,
            "z": 5
          },
          "rotation": "clockwise_180",
          "model": "dungeoncrawl:default/multipart/corridor/crops",
          "weight": 2
        },
        {
          "offset": {
            "x": 2,
            "z": 5
          },
          "model": "dungeoncrawl:default/multipart/corridor/empty_room",
          "rotation": "clockwise_180"
        },
        {
          "offset": {
            "x": 2,
            "z": 5
          },
          "model": "dungeoncrawl:default/multipart/corridor/empty_room_2",
          "rotation": "clockwise_180"
        },
        {
          "offset": {
            "x": 2,
            "z": 5
          },
          "model": "dungeoncrawl:default/multipart/corridor/empty_room_3",
          "rotation": "clockwise_180"
        },
        {
          "offset": {
            "x": 2,
            "z": 5
          },
          "model": "dungeoncrawl:default/multipart/corridor/empty_room_4",
          "rotation": "clockwise_180"
        }
      ]
    }
  }
}