{
  "secondary_theme": [{"key": "dungeoncrawl:vanilla/desert/diorite"}],
  "theme": {
    "generic": {
      "type": "random_block",
      "blocks": [
        {
          "block": "minecraft:sandstone"
        },
        {
          "block": "minecraft:cut_sandstone"
        },
        {
          "block": "minecraft:chiseled_sandstone"
        }
      ]
    },
    "solid": {
      "type": "block",
      "block": "minecraft:polished_diorite"
    },
    "pillar": {
      "type": "block",
      "block": "minecraft:polished_diorite"
    },
    "floor": {
      "type": "random_block",
      "blocks": [
        {
          "block": "minecraft:sand"
        },
        {
          "block": "minecraft:sandstone"
        }
      ]
    },
    "stairs": {
      "type": "block",
      "block": "minecraft:sandstone_stairs"
    },
    "solid_stairs": {
      "type": "block",
      "block": "minecraft:polished_diorite_stairs"
    },
    "slab": {
      "type": "random_block",
      "blocks": [
        {
          "block": "minecraft:sandstone_slab"
        },
        {
          "block": "minecraft:cut_sandstone_slab"
        }
      ]
    },
    "solid_slab": {
      "type": "random_block",
      "blocks": [
        {
          "block": "minecraft:sandstone_slab"
        },
        {
          "block": "minecraft:cut_sandstone_slab"
        }
      ]
    },
    "material": {
      "type": "random_block",
      "blocks": [
        {
          "block": "minecraft:sandstone"
        },
        {
          "block": "minecraft:cut_sandstone"
        },
        {
          "block": "minecraft:chiseled_sandstone"
        }
      ]
    },
    "wall": {
      "type": "block",
      "block": "minecraft:sandstone_wall"
    },
    "fencing": {
      "type": "block",
      "block": "minecraft:iron_bars"
    },
    "fluid": {
      "type": "block",
      "block": "minecraft:air"
    }
  }
}