{
  "settings": {
    "max_layers": 5
  },
  "entrances": {
    "models": [{"key": "dungeoncrawl:entrance/roguelike/eniko_tower"}]
  },
  "layers": [
    {
      "type": "default",
      "models": {
        "rooms":            {"inherit": ["rooms:catacombs"]},
        "full_nodes":       {"inherit": ["nodes:full:catacombs"]},
        "fork_nodes":       {"inherit": ["nodes:fork:catacombs"]},
        "straight_nodes":   {"inherit": ["nodes:straight:catacombs"]},
        "turn_nodes":       {"inherit": ["nodes:turn:catacombs"]},
        "dead_end_nodes":   {"inherit": ["nodes:dead_end:catacombs"]},
        "corridors":        {"inherit": ["corridors:catacombs"]},
        "corridor_linkers": {"inherit": ["corridor_linkers:catacombs"]},
        "node_connectors":  {"inherit": ["node_connectors:catacombs"]}
      },
      "settings": {
        "min_rooms": 5,
        "max_rooms": 7,
        "min_nodes": 5,
        "max_nodes": 7,
        "min_room_depth": 1,
        "max_room_depth": 5,
        "min_node_depth": 1,
        "max_node_depth": 5,
        "min_stairs_depth": 2,
        "max_depth": 7,
        "min_distance": 2,
        "max_distance": 4
      },
      "multipart": {
        "dungeoncrawl:default/corridor/corridor": {
          "action": "add",
          "additions": {
            "left": {
              "models": [
                {
                  "offset": {"x": 3, "z": -2},
                  "model": "dungeoncrawl:default/multipart/corridor/fire",
                  "weight": 6
                },
                {
                  "offset": {"x": 2, "z": -4},
                  "model": "dungeoncrawl:default/multipart/corridor/empty_room"
                },
                {
                  "offset": {"x": 2, "z": -4},
                  "model": "dungeoncrawl:default/multipart/corridor/empty_room_2"
                },
                {
                  "offset": {"x": 2, "z": -4},
                  "model": "dungeoncrawl:default/multipart/corridor/chest_room",
                  "weight": 6
                },
                {
                  "offset": {"x": 2, "z": -4},
                  "model": "dungeoncrawl:default/multipart/corridor/spawner_room",
                  "weight": 6
                }
              ]
            },
            "right": {
              "models": [
                {
                  "offset": {"x": 3, "z": 5},
                  "rotation": "clockwise_180",
                  "model": "dungeoncrawl:default/multipart/corridor/fire",
                  "weight": 6
                },
                {
                  "offset": {"x": 2, "z": 5},
                  "rotation": "clockwise_180",
                  "model": "dungeoncrawl:default/multipart/corridor/empty_room"
                },
                {
                  "offset": {"x": 2, "z": 5},
                  "rotation": "clockwise_180",
                  "model": "dungeoncrawl:default/multipart/corridor/empty_room_2"
                },
                {
                  "offset": {"x": 2, "z": 5},
                  "rotation": "clockwise_180",
                  "model": "dungeoncrawl:default/multipart/corridor/chest_room",
                  "weight": 6
                },
                {
                  "offset": {"x": 2, "z": 5},
                  "rotation": "clockwise_180",
                  "model": "dungeoncrawl:default/multipart/corridor/spawner_room",
                  "weight": 6
                }
              ]
            }
          }
        },
        "dungeoncrawl:default/corridor/corridor_light": {
          "action": "add",
          "additions": {
            "right": {
              "models": [
                {
                  "offset": {"x": 3, "z": 5},
                  "rotation": "clockwise_180",
                  "model": "dungeoncrawl:default/multipart/corridor/fire",
                  "weight": 6
                },
                {
                  "offset": {"x": 2, "z": 5},
                  "rotation": "clockwise_180",
                  "model": "dungeoncrawl:default/multipart/corridor/empty_room"
                },
                {
                  "offset": {"x": 2, "z": 5},
                  "rotation": "clockwise_180",
                  "model": "dungeoncrawl:default/multipart/corridor/empty_room_2"
                },
                {
                  "offset": {"x": 2, "z": 5},
                  "rotation": "clockwise_180",
                  "model": "dungeoncrawl:default/multipart/corridor/chest_room",
                  "weight": 6
                },
                {
                  "offset": {"x": 2, "z": 5},
                  "rotation": "clockwise_180",
                  "model": "dungeoncrawl:default/multipart/corridor/spawner_room",
                  "weight": 6
                }
              ]
            }
          }
        }
      }
    },
    {
      "type": "default",
      "models": {
        "rooms":            {"inherit": ["rooms:catacombs"]},
        "full_nodes":       {"inherit": ["nodes:full:catacombs"]},
        "fork_nodes":       {"inherit": ["nodes:fork:catacombs"]},
        "straight_nodes":   {"inherit": ["nodes:straight:catacombs"]},
        "turn_nodes":       {"inherit": ["nodes:turn:catacombs"]},
        "dead_end_nodes":   {"inherit": ["nodes:dead_end:catacombs"]},
        "corridors":        {"inherit": ["corridors:catacombs"]},
        "corridor_linkers": {"inherit": ["corridor_linkers:catacombs"]},
        "node_connectors":  {"inherit": ["node_connectors:catacombs"]}
      },
      "settings": {
        "min_rooms": 5,
        "max_rooms": 7,
        "min_nodes": 8,
        "max_nodes": 10,
        "min_room_depth": 1,
        "max_room_depth": 8,
        "min_node_depth": 1,
        "max_node_depth": 8,
        "min_stairs_depth": 2,
        "max_depth": 8,
        "min_distance": 2,
        "max_distance": 4
      },
      "multipart": {
        "dungeoncrawl:default/corridor/corridor": {
          "action": "add",
          "additions": {
            "left": {
              "models": [
                {
                  "offset": {"x": 3, "z": -2},
                  "model": "dungeoncrawl:default/multipart/corridor/fire",
                  "weight": 6
                },
                {
                  "offset": {"x": 2, "z": -4},
                  "model": "dungeoncrawl:default/multipart/corridor/empty_room"
                },
                {
                  "offset": {"x": 2, "z": -4},
                  "model": "dungeoncrawl:default/multipart/corridor/empty_room_2"
                },
                {
                  "offset": {"x": 2, "z": -4},
                  "model": "dungeoncrawl:default/multipart/corridor/chest_room",
                  "weight": 6
                },
                {
                  "offset": {"x": 2, "z": -4},
                  "model": "dungeoncrawl:default/multipart/corridor/spawner_room",
                  "weight": 6
                }
              ]
            },
            "right": {
              "models": [
                {
                  "offset": {"x": 3, "z": 5},
                  "rotation": "clockwise_180",
                  "model": "dungeoncrawl:default/multipart/corridor/fire",
                  "weight": 6
                },
                {
                  "offset": {"x": 2, "z": 5},
                  "rotation": "clockwise_180",
                  "model": "dungeoncrawl:default/multipart/corridor/empty_room"
                },
                {
                  "offset": {"x": 2, "z": 5},
                  "rotation": "clockwise_180",
                  "model": "dungeoncrawl:default/multipart/corridor/empty_room_2"
                },
                {
                  "offset": {"x": 2, "z": 5},
                  "rotation": "clockwise_180",
                  "model": "dungeoncrawl:default/multipart/corridor/chest_room",
                  "weight": 6
                },
                {
                  "offset": {"x": 2, "z": 5},
                  "rotation": "clockwise_180",
                  "model": "dungeoncrawl:default/multipart/corridor/spawner_room",
                  "weight": 6
                }
              ]
            }
          }
        },
        "dungeoncrawl:default/corridor/corridor_light": {
          "action": "add",
          "additions": {
            "right": {
              "models": [
                {
                  "offset": {"x": 3, "z": 5},
                  "rotation": "clockwise_180",
                  "model": "dungeoncrawl:default/multipart/corridor/fire",
                  "weight": 6
                },
                {
                  "offset": {"x": 2, "z": 5},
                  "rotation": "clockwise_180",
                  "model": "dungeoncrawl:default/multipart/corridor/empty_room"
                },
                {
                  "offset": {"x": 2, "z": 5},
                  "rotation": "clockwise_180",
                  "model": "dungeoncrawl:default/multipart/corridor/empty_room_2"
                },
                {
                  "offset": {"x": 2, "z": 5},
                  "rotation": "clockwise_180",
                  "model": "dungeoncrawl:default/multipart/corridor/chest_room",
                  "weight": 6
                },
                {
                  "offset": {"x": 2, "z": 5},
                  "rotation": "clockwise_180",
                  "model": "dungeoncrawl:default/multipart/corridor/spawner_room",
                  "weight": 6
                }
              ]
            }
          }
        }
      }
    },
    {
      "type": "default",
      "models": {
        "rooms":            {"inherit": ["rooms:catacombs"]},
        "full_nodes":       {"inherit": ["nodes:full:catacombs"]},
        "fork_nodes":       {"inherit": ["nodes:fork:catacombs"]},
        "straight_nodes":   {"inherit": ["nodes:straight:catacombs"]},
        "turn_nodes":       {"inherit": ["nodes:turn:catacombs"]},
        "dead_end_nodes":   {"inherit": ["nodes:dead_end:catacombs"]},
        "corridors":        {"inherit": ["corridors:catacombs"]},
        "corridor_linkers": {"inherit": ["corridor_linkers:catacombs"]},
        "node_connectors":  {"inherit": ["node_connectors:catacombs"]}
      },
      "settings": {
        "min_rooms": 6,
        "max_rooms": 8,
        "min_nodes": 10,
        "max_nodes": 14,
        "min_room_depth": 1,
        "max_room_depth": 8,
        "min_node_depth": 1,
        "max_node_depth": 8,
        "min_stairs_depth": 2,
        "max_depth": 8,
        "min_distance": 1,
        "max_distance": 3
      },
      "multipart": {
        "dungeoncrawl:default/corridor/corridor": {
          "action": "add",
          "additions": {
            "left": {
              "models": [
                {
                  "offset": {"x": 2, "z": -4},
                  "model": "dungeoncrawl:default/multipart/corridor/spawner_room",
                  "weight": 12
                }
              ]
            },
            "right": {
              "models": [
                {
                  "offset": {"x": 2, "z": 5},
                  "rotation": "clockwise_180",
                  "model": "dungeoncrawl:default/multipart/corridor/spawner_room",
                  "weight": 12
                }
              ]
            }
          }
        },
        "dungeoncrawl:default/corridor/corridor_light": {
          "action": "add",
          "additions": {
            "right": {
              "models": [
                {
                  "offset": {"x": 2, "z": 5},
                  "rotation": "clockwise_180",
                  "model": "dungeoncrawl:default/multipart/corridor/spawner_room",
                  "weight": 12
                }
              ]
            }
          }
        }
      }
    },
    {
      "type": "default",
      "models": {
        "rooms":            {"inherit": ["rooms:lower_catacombs"]},
        "full_nodes":       {"inherit": ["nodes:full:lower_catacombs"]},
        "fork_nodes":       {"inherit": ["nodes:fork:lower_catacombs"]},
        "straight_nodes":   {"inherit": ["nodes:straight:lower_catacombs"]},
        "turn_nodes":       {"inherit": ["nodes:turn:lower_catacombs"]},
        "dead_end_nodes":   {"inherit": ["nodes:dead_end:lower_catacombs"]},
        "corridors":        {"inherit": ["corridors:lower_catacombs"]},
        "corridor_linkers": {"inherit": ["corridor_linkers:lower_catacombs"]},
        "node_connectors":  {"inherit": ["node_connectors:lower_catacombs"]}
      },
      "settings": {
        "min_rooms": 6,
        "max_rooms": 8,
        "min_nodes": 10,
        "max_nodes": 14,
        "min_room_depth": 1,
        "max_room_depth": 8,
        "min_node_depth": 1,
        "max_node_depth": 8,
        "min_stairs_depth": 2,
        "max_depth": 8,
        "min_distance": 1,
        "max_distance": 3
      },
      "multipart": {
        "dungeoncrawl:default/corridor/corridor": {
          "action": "add",
          "additions": {
            "left": {
              "models": [
                {
                  "offset": {"x": 2, "z": -4},
                  "model": "dungeoncrawl:default/multipart/corridor/spawner_room",
                  "weight": 12
                }
              ]
            },
            "right": {
              "models": [
                {
                  "offset": {"x": 2, "z": 5},
                  "rotation": "clockwise_180",
                  "model": "dungeoncrawl:default/multipart/corridor/spawner_room",
                  "weight": 12
                }
              ]
            }
          }
        },
        "dungeoncrawl:default/corridor/corridor_light": {
          "action": "add",
          "additions": {
            "right": {
              "models": [
                {
                  "offset": {"x": 2, "z": 5},
                  "rotation": "clockwise_180",
                  "model": "dungeoncrawl:default/multipart/corridor/spawner_room",
                  "weight": 12
                }
              ]
            }
          }
        }
      }
    },
    {
      "type": "default",
      "models": {
        "rooms":            {"inherit": ["rooms:hell"]},
        "full_nodes":       {"inherit": ["nodes:full:hell"]},
        "fork_nodes":       {"inherit": ["nodes:fork:hell"]},
        "straight_nodes":   {"inherit": ["nodes:straight:hell"]},
        "turn_nodes":       {"inherit": ["nodes:turn:hell"]},
        "dead_end_nodes":   {"inherit": ["nodes:dead_end:hell"]},
        "corridors":        {"inherit": ["corridors:hell"]},
        "corridor_linkers": {"inherit": ["corridor_linkers:hell"]},
        "node_connectors":  {"inherit": ["node_connectors:hell"]}
      },
      "settings": {
        "min_rooms": 6,
        "max_rooms": 8,
        "min_nodes": 10,
        "max_nodes": 14,
        "min_room_depth": 1,
        "max_room_depth": 8,
        "min_node_depth": 1,
        "max_node_depth": 8,
        "min_stairs_depth": 2,
        "max_depth": 8,
        "min_distance": 2,
        "max_distance": 3
      }
    }
  ]
}